child_rank,1,2,3,4,5,6,7,8,9,10,11,12,13,14,15,16,17,18,19,20,21,22,23,24,25,26,27,28,29,30,31,32,33,34,35,36,37,38,39,40,41,42,43,44,45,46,47,48,49,50,51,52,53,54,55,56,57,58,59,60,61,62,63,64,65,66,67,68,69,70,71,72,73,74,75,76,77,78,79,80,81,82,83,84,85,86,87,88,89,90,91,92,93,94,95,96,97,98,99,100
1,0.0021484,0.0022396,0.0022991,0.0022802,0.0021383,0.002399,0.002341,0.0019761,0.0022002,0.0024119,0.0020572,0.0022998,0.0023106,0.0022002,0.0023511,0.0025639,0.0023012,0.0023207,0.0023612,0.0024,0.0022802,0.0024119,0.0023002,0.0022092,0.0024727,0.0024007,0.0025639,0.0025002,0.0026348,0.0027005,0.0026003,0.0025943,0.0025436,0.0026044,0.0028997,0.0026754,0.0028,0.0029591,0.0028011,0.0028477,0.0026247,0.003,0.0029186,0.0027362,0.0031003,0.0029003,0.0029794,0.0030009,0.0030503,0.0029794,0.0030997,0.003172,0.002797,0.0033,0.0029988,0.0028781,0.0028983,0.0028071,0.0034014,0.0028983,0.0025436,0.0031009,0.0031314,0.0032006,0.0028882,0.0032003,0.003401,0.0030994,0.003172,0.0035,0.0032003,0.0031821,0.0030991,0.0030199,0.0031618,0.0034003,0.0035672,0.0035989,0.0036381,0.0035672,0.0038004,0.0033442,0.0037395,0.0041012,0.0037192,0.0036077,0.0039996,0.0042868,0.0043009,0.0046991,0.0045907,0.005001,0.0053102,0.0053913,0.006,0.0067999,0.0075499,0.0089982,0.0104786,0.0169966
4,0.1749142,0.1537744,0.1406437,0.1308106,0.1250849,0.1197521,0.1170384,0.1124679,0.1113111,0.1079786,0.1057592,0.1020898,0.0973884,0.0980098,0.0951387,0.0968413,0.0928464,0.0915005,0.0918157,0.0898,0.0873962,0.0868186,0.0841084,0.0833122,0.082613,0.079924,0.0792282,0.0790079,0.077415,0.0754151,0.0737074,0.0723269,0.0706751,0.0696313,0.0680932,0.0676247,0.0667,0.0653654,0.0621249,0.0628616,0.0609261,0.0607,0.0579061,0.0581898,0.0563056,0.0547055,0.0553022,0.0530159,0.0535383,0.0531228,0.049995,0.049282,0.0480659,0.0476,0.047381,0.0465458,0.0469917,0.0449953,0.0436174,0.0435766,0.0432827,0.0415125,0.0401415,0.0405081,0.0392598,0.0387039,0.0391117,0.0365927,0.0370201,0.0368,0.0376038,0.0354595,0.0349895,0.0352361,0.034618,0.0336034,0.0344254,0.0339898,0.0318311,0.0327837,0.0325033,0.0310913,0.0316588,0.030009,0.0312332,0.0307569,0.030097,0.0296323,0.0284057,0.0290942,0.0280308,0.0285057,0.0276356,0.0278484,0.0278,0.0284463,0.0290442,0.0286943,0.0289024,0.0285943
7,0.0134783,0.0127284,0.0122951,0.0109954,0.0109448,0.0105958,0.0102962,0.0100631,0.0094009,0.0089281,0.0088065,0.0089991,0.008847,0.0090009,0.00832,0.0088267,0.0077039,0.0083099,0.0080871,0.0076,0.0079654,0.0074992,0.0077008,0.0078336,0.0070837,0.0075023,0.0066378,0.0067007,0.0070331,0.0069014,0.0066007,0.0064554,0.0068506,0.0060703,0.0062994,0.0059993,0.0061,0.0056549,0.0055022,0.005371,0.0057156,0.0056,0.0054825,0.0055839,0.0051005,0.0052005,0.005361,0.0043013,0.0047427,0.0049657,0.0045995,0.0047731,0.0048137,0.005,0.0042983,0.0045603,0.0042158,0.0041144,0.0039016,0.0038509,0.0038813,0.0040012,0.0040334,0.0039008,0.0038814,0.0036004,0.0039012,0.0036993,0.0038409,0.0036,0.0035004,0.0035773,0.0036989,0.0030605,0.003405,0.0031003,0.0033645,0.003499,0.0032936,0.0031111,0.0031003,0.0032936,0.0028477,0.0029009,0.0028375,0.0031314,0.0027997,0.0030098,0.0029006,0.0029994,0.0028679,0.0027005,0.0030706,0.0028477,0.0029,0.0029997,0.0026855,0.0030994,0.0030402,0.0033993
8,0.0218187,0.0214843,0.0196921,0.0196196,0.0191737,0.0184926,0.0180184,0.0183224,0.0158016,0.0163159,0.0159511,0.0153985,0.0165186,0.0152015,0.0156369,0.014583,0.0149075,0.0151201,0.0144412,0.0146,0.014056,0.0134377,0.0135013,0.0137114,0.0130628,0.0129039,0.0134074,0.0129013,0.0121306,0.0124025,0.0120012,0.0121608,0.0113805,0.0117149,0.0114989,0.0112082,0.0107,0.011097,0.0106042,0.010286,0.0100935,0.0095,0.0098503,0.0100631,0.0094009,0.009701,0.0091106,0.0087026,0.0090396,0.0088166,0.0082992,0.0087457,0.0083302,0.0083,0.0082967,0.0077525,0.0082592,0.0074891,0.007403,0.0076715,0.0075499,0.0070021,0.0072561,0.0069014,0.0072561,0.0073007,0.006802,0.0065987,0.0067494,0.0068,0.0067007,0.0064859,0.0063981,0.0061412,0.0065365,0.0063006,0.0062527,0.0055983,0.0061818,0.0056548,0.0055006,0.0058473,0.0052494,0.0051015,0.0055636,0.0057257,0.0058994,0.0054015,0.005201,0.0054989,0.0048643,0.005001,0.0053305,0.0052596,0.0052,0.0050265,0.0053102,0.0054989,0.005442,0.0054989
9,0.0202783,0.0188291,0.0181927,0.0187379,0.0173698,0.017593,0.017461,0.0162044,0.0161016,0.0159612,0.0158396,0.0153985,0.0155052,0.0155016,0.01436,0.0142688,0.0149075,0.0139546,0.0144817,0.0136,0.0140053,0.0136607,0.0131013,0.0132756,0.01285,0.013404,0.0127994,0.0122012,0.0128502,0.0124025,0.0119012,0.0120595,0.0118568,0.0121711,0.0110989,0.0114717,0.0106,0.0107422,0.0105042,0.0103773,0.010813,0.0099,0.0100935,0.0103266,0.010101,0.009501,0.0101949,0.0089027,0.0088774,0.0087153,0.0085991,0.0086342,0.0086646,0.0084,0.0082967,0.0086241,0.0083403,0.0076107,0.0077031,0.0080667,0.0076816,0.0080024,0.0074892,0.0072014,0.0074385,0.0069007,0.0072022,0.0068986,0.007327,0.0069,0.0070007,0.006648,0.006698,0.0062122,0.0065973,0.0072007,0.0060602,0.0063981,0.0060703,0.0063439,0.0063006,0.0059588,0.0055737,0.0056017,0.0061818,0.0056447,0.0058994,0.0052698,0.0058012,0.0052989,0.0056041,0.0053011,0.0058169,0.0055129,0.0053,0.0053508,0.0056345,0.0056989,0.0056041,0.0063987
10,0.0199236,0.0187379,0.0182927,0.0178968,0.0169543,0.0169932,0.0161436,0.0153329,0.0158016,0.0160423,0.0149275,0.0153985,0.0152417,0.0141014,0.0144208,0.0147857,0.0147074,0.0144107,0.0139446,0.0141,0.0142486,0.0138938,0.0132013,0.0131438,0.0125155,0.013204,0.0124345,0.0124012,0.0123941,0.0127025,0.0119012,0.0122723,0.0117048,0.0114413,0.0119988,0.0110157,0.0115,0.0103875,0.0110044,0.010205,0.0102151,0.0105,0.0099111,0.0100732,0.0094009,0.010001,0.0097997,0.0094028,0.009151,0.009222,0.0089991,0.0091713,0.0088267,0.0087,0.0083966,0.008999,0.0083403,0.0080971,0.0080032,0.0081782,0.007185,0.0076023,0.0076716,0.0076015,0.0076412,0.0074007,0.0073022,0.0069986,0.0069216,0.007,0.0063006,0.0072155,0.006798,0.006577,0.0067391,0.0062006,0.0067087,0.0062981,0.0059791,0.0063642,0.0067007,0.0058473,0.0060399,0.0064019,0.0055028,0.0056953,0.0058994,0.0054421,0.0057011,0.0059988,0.0054926,0.0056011,0.0055737,0.0056345,0.0058,0.0057967,0.0056751,0.0056989,0.0056953,0.0058988
11,0.0190622,0.0185555,0.0181927,0.0169138,0.0165997,0.0177929,0.016397,0.0165693,0.0162016,0.0163159,0.0155964,0.0152985,0.0153329,0.0149015,0.015343,0.0143702,0.013907,0.0140762,0.0145729,0.0143,0.0136304,0.0132553,0.0129013,0.0132351,0.0132959,0.0128038,0.0127892,0.0129013,0.0121509,0.0122024,0.0123012,0.0127385,0.0111677,0.0116237,0.0112989,0.0113096,0.0102,0.0102963,0.0108043,0.0104279,0.0103874,0.0104,0.0097591,0.0101543,0.009801,0.009501,0.009364,0.0097029,0.0098807,0.0094247,0.0089991,0.0088267,0.0085126,0.0085,0.0081967,0.0085227,0.0082086,0.0088571,0.0077031,0.0084721,0.0084011,0.0080024,0.0077628,0.0077015,0.0076108,0.0077008,0.0071021,0.0069986,0.0069622,0.0068,0.0073007,0.0065062,0.0069979,0.0068911,0.0069215,0.0060006,0.0055231,0.0058982,0.0063338,0.0062831,0.0063006,0.0063236,0.0059689,0.0062019,0.0062628,0.0059385,0.0054995,0.0055029,0.0058012,0.0053989,0.0055535,0.0056011,0.0054116,0.0053406,0.0057,0.0054825,0.0056041,0.0057988,0.00605,0.0056989
12,0.0208053,0.0206837,0.0190924,0.0186873,0.0182515,0.017393,0.0170151,0.0165388,0.0162016,0.0167517,0.0154444,0.0155984,0.0154038,0.0152015,0.0152214,0.0152012,0.0147074,0.0147147,0.0148466,0.0144,0.0141573,0.0143599,0.0131013,0.0129918,0.0127486,0.0130039,0.0125561,0.0129013,0.0121205,0.0127025,0.0122012,0.0121102,0.01134,0.0110157,0.0113989,0.0108941,0.0113,0.0108131,0.0107043,0.0098706,0.0104583,0.0097,0.0096476,0.0096273,0.009601,0.0094009,0.0099517,0.0090027,0.0094145,0.0090801,0.0087991,0.0087457,0.0088774,0.0087,0.0079968,0.0083808,0.0078437,0.0083302,0.007603,0.0080464,0.0078235,0.0070021,0.0075297,0.0072014,0.0070534,0.0074007,0.0072022,0.0072985,0.0070027,0.0066,0.0063006,0.0069115,0.0063981,0.0066581,0.0063743,0.0064006,0.0064554,0.0062981,0.0061514,0.0062223,0.0057006,0.0053508,0.0057257,0.0058017,0.0056649,0.0056953,0.0050995,0.005736,0.0061012,0.0056989,0.005442,0.004901,0.0051785,0.0052089,0.0054,0.0055332,0.005371,0.0053989,0.0054622,0.0053989
13,0.0215552,0.0200756,0.019892,0.0184643,0.0182515,0.0169932,0.0176739,0.0167314,0.0177018,0.0168733,0.0157585,0.0154985,0.0156775,0.0160016,0.0156572,0.0156268,0.0155078,0.0147958,0.0140966,0.0143,0.0144512,0.0143904,0.0132013,0.0142485,0.0134276,0.0128038,0.0127994,0.0115012,0.0121408,0.0118024,0.0118012,0.0114008,0.0114515,0.0113096,0.0114989,0.0112082,0.0105,0.0105699,0.009904,0.0105698,0.0101442,0.0102,0.0102455,0.0101847,0.009701,0.009501,0.0091613,0.0091027,0.0086545,0.0090092,0.0093991,0.0088369,0.0083606,0.0087,0.0082967,0.0084113,0.0081376,0.008239,0.007503,0.0075904,0.0073269,0.0076023,0.0070939,0.0075015,0.0075398,0.0067007,0.0069021,0.0072985,0.0069115,0.0067,0.0070007,0.0064149,0.0062981,0.0066986,0.0068101,0.0060006,0.0061311,0.0060982,0.0059284,0.0063338,0.0060006,0.0057055,0.0056649,0.0056017,0.0056852,0.0055231,0.0053995,0.0055434,0.0054011,0.0053989,0.0054217,0.005001,0.0052596,0.0049961,0.0046,0.00529,0.0049961,0.004899,0.005371,0.0052989
14,0.0202682,0.0195791,0.0187925,0.0181502,0.017988,0.0177929,0.0173496,0.0166605,0.0164016,0.0167213,0.015343,0.0159984,0.0150795,0.0157016,0.0151099,0.015566,0.0145073,0.0146641,0.0145729,0.0136,0.013752,0.0133263,0.0136014,0.013458,0.0133567,0.0125038,0.0130831,0.0125013,0.012384,0.0123025,0.0113011,0.0120595,0.0119683,0.0113704,0.0115988,0.0106711,0.0111,0.0103875,0.0102041,0.0102556,0.0104279,0.0102,0.0098503,0.009678,0.009901,0.009501,0.0094856,0.0094028,0.0095969,0.0087153,0.0090991,0.0089078,0.0090598,0.0088,0.0082967,0.0087862,0.0080667,0.008087,0.007603,0.0077728,0.0077829,0.0075023,0.0076614,0.0073015,0.0072662,0.0080008,0.0075023,0.0068986,0.0075905,0.0065,0.0071007,0.0064859,0.006798,0.006577,0.0062122,0.0062006,0.0060298,0.006698,0.0060602,0.0064452,0.0061006,0.0058676,0.0054116,0.0057017,0.0058676,0.0060906,0.0053995,0.0058272,0.0056011,0.0053989,0.005219,0.005201,0.0053305,0.005067,0.0054,0.00529,0.0049353,0.004899,0.0053406,0.0054989
15,0.0197615,0.0186467,0.0189924,0.0177448,0.0179373,0.0172931,0.0167922,0.0173394,0.0168017,0.0158193,0.0166098,0.0152985,0.0166402,0.0148015,0.0153532,0.0146032,0.0149075,0.0150593,0.0140966,0.0143,0.0138128,0.0135593,0.0133013,0.0132249,0.0127486,0.0128038,0.0131338,0.0135013,0.0126069,0.0118024,0.0118012,0.0117352,0.0114819,0.0114211,0.0113989,0.0107015,0.0109,0.0109145,0.0109044,0.0104381,0.0102759,0.0109,0.0100935,0.0096983,0.010201,0.010001,0.0093437,0.0097029,0.0092625,0.0091713,0.0091991,0.008695,0.0085531,0.0088,0.0082967,0.0083504,0.0080363,0.008016,0.0083033,0.0085227,0.0075499,0.0078023,0.00755,0.0076015,0.0072763,0.0067007,0.0077023,0.0071986,0.006719,0.0068,0.0071007,0.0065771,0.0069979,0.0068607,0.0064047,0.0062006,0.0063135,0.0061981,0.0062324,0.0063034,0.0060006,0.0060095,0.0054825,0.0055017,0.005442,0.0056447,0.0057994,0.0054015,0.005201,0.0054989,0.0052697,0.0053011,0.0051582,0.0055535,0.0053,0.0049454,0.0051076,0.0053989,0.0049555,0.0046991
16,0.0191129,0.0186062,0.0189924,0.0179779,0.0176333,0.0177929,0.0167213,0.0168125,0.0164016,0.0159612,0.0162956,0.0152985,0.0152822,0.0150015,0.0151099,0.0141371,0.0141071,0.014735,0.0147047,0.0143,0.0141168,0.0144005,0.0140014,0.0137012,0.0132046,0.0125038,0.0131642,0.0132013,0.0129008,0.0124025,0.0120012,0.0108029,0.0117555,0.01134,0.0105989,0.0113096,0.0113,0.0111274,0.0105042,0.0108333,0.0105394,0.01,0.0098706,0.0101442,0.0094009,0.009901,0.0097896,0.0092028,0.0093639,0.0088774,0.0084992,0.0085329,0.0089382,0.0091,0.0083966,0.0082795,0.0086646,0.0083403,0.0082033,0.0078741,0.0075904,0.0084025,0.0075905,0.0078016,0.0074385,0.0079008,0.0070021,0.0065987,0.0071953,0.0065,0.0074007,0.0071446,0.006798,0.0066479,0.0063642,0.0061006,0.0059183,0.0062981,0.0058777,0.0058575,0.0062006,0.0056751,0.0062426,0.0059018,0.0056447,0.0056751,0.0053995,0.0058474,0.0055011,0.0052989,0.005746,0.005201,0.005371,0.0048542,0.0053,0.0048137,0.0052393,0.005099,0.0055231,0.004799
17,0.0193358,0.018059,0.0184926,0.0183224,0.0171672,0.0170932,0.0165794,0.0158396,0.0164016,0.0165287,0.0165287,0.0154985,0.0154748,0.0148015,0.0153836,0.014512,0.0154077,0.0144411,0.0141879,0.0136,0.0141269,0.0131844,0.0139014,0.013762,0.0129412,0.0127038,0.0128703,0.0128013,0.0125056,0.0118024,0.0122012,0.012019,0.0115528,0.0117453,0.0119988,0.0108434,0.0106,0.0110057,0.0109044,0.0107117,0.0100327,0.0108,0.0102759,0.0096476,0.010201,0.009801,0.0091714,0.0096029,0.009374,0.0088673,0.0086991,0.0089889,0.0090598,0.0087,0.0088964,0.0084619,0.0087761,0.0082288,0.0082033,0.008087,0.0080059,0.0079024,0.0073473,0.0082016,0.0074892,0.0074007,0.0074022,0.0071986,0.0074689,0.0067,0.0075008,0.0068203,0.0070979,0.0071141,0.0063439,0.0064006,0.0053204,0.0058982,0.0062831,0.0056852,0.0060006,0.0059993,0.0059791,0.0054016,0.0058879,0.0056447,0.0058994,0.0051685,0.0057011,0.0052989,0.0057055,0.0056011,0.0049961,0.0052393,0.0052,0.0050163,0.0052494,0.004999,0.0050366,0.0046991
18,0.0179576,0.0182414,0.0181927,0.0177853,0.017836,0.0180928,0.0169442,0.0170354,0.0159016,0.0157383,0.0158092,0.0150985,0.0147147,0.0153015,0.0152924,0.0149275,0.0147074,0.0144816,0.0143095,0.0141,0.0145424,0.0138735,0.0136014,0.0131844,0.0136303,0.0131039,0.0122622,0.0127013,0.0129718,0.0123025,0.0122012,0.0123838,0.0117859,0.0112386,0.0112989,0.011269,0.0114,0.0108841,0.0111044,0.0107522,0.0101239,0.0103,0.0100124,0.0097895,0.010201,0.009601,0.0098909,0.0096029,0.0096679,0.0095665,0.0090991,0.0089078,0.0088977,0.0089,0.0082967,0.0085937,0.0089686,0.0086139,0.0084034,0.0078437,0.0077221,0.0078023,0.0073574,0.0078016,0.0078844,0.0073007,0.0073022,0.0075985,0.0071953,0.0071,0.0067007,0.0068507,0.006698,0.0064959,0.0066074,0.0064006,0.0067797,0.006598,0.0065162,0.0059588,0.0064006,0.0059284,0.0061007,0.0058017,0.0056649,0.0058372,0.0056994,0.0051178,0.005001,0.0054989,0.0051785,0.004901,0.0050569,0.0046211,0.0046,0.0050569,0.0046211,0.0045991,0.0047225,0.004899
19,0.0186974,0.0177549,0.0176929,0.0179069,0.0177955,0.0171931,0.0164172,0.0164274,0.0158016,0.0156673,0.0153532,0.0156984,0.016093,0.0143014,0.0148262,0.0155862,0.0138069,0.0149985,0.0141473,0.0139,0.0141168,0.0135695,0.0143014,0.0135087,0.0129412,0.0135041,0.0125662,0.0126013,0.01284,0.0125025,0.0120012,0.0119278,0.0119582,0.0116947,0.0114989,0.0110765,0.0104,0.0111882,0.0111044,0.0103164,0.0105698,0.0093,0.0102658,0.0098401,0.0107011,0.010101,0.0102051,0.0095029,0.0096476,0.0094145,0.0091991,0.0092321,0.0093537,0.009,0.0091963,0.0081174,0.0086849,0.0083504,0.0081032,0.0077728,0.0080971,0.0076023,0.0073777,0.0079016,0.0076716,0.0074007,0.0076023,0.0069986,0.0072459,0.0064,0.0071007,0.006871,0.0061981,0.007185,0.0070736,0.0063006,0.0066175,0.0068979,0.0062628,0.0060906,0.0061006,0.0061311,0.0056244,0.0059018,0.0063135,0.0060095,0.0052995,0.0052698,0.0057011,0.0054989,0.0049353,0.0053011,0.0053001,0.0048542,0.0047,0.0049454,0.0045705,0.0046991,0.0050062,0.0044991
20,0.0185049,0.0178765,0.0177929,0.0177752,0.0167517,0.0166933,0.0161943,0.0166199,0.0159016,0.0155761,0.015566,0.0155984,0.0153025,0.0157016,0.0144411,0.0154342,0.0136068,0.0143295,0.0148871,0.0141,0.0136405,0.0134681,0.0135013,0.0135188,0.0130324,0.0130039,0.0125459,0.0125013,0.0121914,0.0125025,0.0126013,0.0121507,0.0118264,0.0121203,0.0113989,0.010965,0.011,0.0114618,0.0106042,0.010884,0.010661,0.0099,0.0104583,0.009678,0.009601,0.010001,0.0095768,0.010003,0.009526,0.0090092,0.0087991,0.008695,0.0088673,0.0086,0.0090964,0.0089585,0.0088977,0.0087761,0.0082033,0.0084315,0.0078336,0.0079024,0.0078844,0.0077015,0.0075398,0.0076008,0.0078023,0.0070986,0.0070331,0.0073,0.0072007,0.0072662,0.0069979,0.006273,0.0064858,0.0069007,0.0065669,0.0064981,0.0063743,0.0061818,0.0063006,0.0062628,0.0060095,0.0061018,0.0054014,0.0055535,0.0057994,0.0054826,0.0058012,0.0053989,0.0051988,0.0058012,0.0050468,0.0047123,0.0049,0.0050873,0.0049859,0.005199,0.0048947,0.0045991
21,0.0175523,0.0172786,0.0177929,0.0174104,0.0163362,0.017493,0.0161538,0.0166402,0.0165017,0.0160828,0.0156268,0.0162984,0.0160017,0.0158016,0.0147654,0.0150086,0.013907,0.0143295,0.0147959,0.0138,0.0146235,0.0132553,0.0130013,0.0130425,0.012931,0.013404,0.0128501,0.0130013,0.0129819,0.0122024,0.0121012,0.0117656,0.0120798,0.011492,0.0108989,0.0109549,0.0113,0.0109347,0.0109044,0.0111373,0.010134,0.0101,0.010357,0.0097793,0.010401,0.009901,0.0096882,0.009903,0.0092726,0.0091612,0.0093991,0.0089686,0.0089889,0.0088,0.0086965,0.0085531,0.0081275,0.0086139,0.0086034,0.0082491,0.0080363,0.0081024,0.0079249,0.0079016,0.0071345,0.0077008,0.0077023,0.0075985,0.0075601,0.0071,0.0071007,0.0068102,0.0063981,0.0069114,0.0067999,0.0061006,0.0068709,0.0062981,0.0061818,0.0060602,0.0059006,0.0063642,0.0063034,0.0063019,0.006273,0.0058271,0.0057994,0.0055738,0.0055011,0.0055989,0.0047833,0.005101,0.0051278,0.0050569,0.0046,0.0049454,0.0047225,0.004899,0.0044995,0.0044991
22,0.0174002,0.0172482,0.017493,0.0171976,0.0166706,0.0164934,0.0165388,0.0166503,0.0167017,0.0161842,0.0159612,0.0166983,0.0157585,0.0151015,0.0149782,0.0150593,0.0149075,0.014583,0.013823,0.0136,0.0138533,0.0137722,0.0139014,0.0131945,0.0133263,0.0131039,0.0125662,0.0122012,0.0123941,0.0120024,0.0122012,0.0115832,0.011492,0.0119379,0.0115988,0.0114616,0.0104,0.0110666,0.0115046,0.0104279,0.0110461,0.0103,0.0099314,0.010509,0.009801,0.010001,0.0099923,0.010003,0.0094652,0.0090598,0.0092991,0.0089686,0.0096172,0.0086,0.0085966,0.0084214,0.008543,0.0084923,0.0082033,0.0088571,0.0079552,0.0079024,0.0080972,0.0078016,0.0075196,0.0072007,0.0074022,0.0068986,0.0073169,0.0069,0.0073007,0.0070737,0.0069979,0.0060703,0.0066074,0.0066007,0.0062324,0.0063981,0.0060602,0.0064858,0.0064006,0.0061108,0.0060602,0.0060018,0.0059284,0.0059487,0.0056994,0.0057562,0.0057011,0.005199,0.0053001,0.0053011,0.0051886,0.0048238,0.0046,0.0049049,0.0050265,0.004899,0.0049049,0.0044991
23,0.0173698,0.0178765,0.0178928,0.0172381,0.0172077,0.0177929,0.0163159,0.0161842,0.0166017,0.016549,0.0161234,0.0162984,0.0162652,0.0156016,0.0152518,0.0155964,0.0145073,0.0144714,0.0146337,0.0144,0.0136505,0.0130121,0.0132013,0.0135999,0.0137722,0.0138041,0.0129919,0.0130013,0.0121104,0.0123025,0.0130013,0.0116136,0.0116947,0.0111677,0.0109989,0.0114312,0.0111,0.0110463,0.0113045,0.0105191,0.009982,0.011,0.0112589,0.0094956,0.009601,0.010101,0.0093842,0.0092028,0.008918,0.008918,0.0089991,0.0085937,0.0083302,0.0089,0.0080968,0.0085126,0.0086646,0.0083403,0.0086034,0.0077323,0.0079147,0.0078023,0.0079553,0.0077015,0.0078641,0.0074007,0.0076023,0.0073985,0.0073777,0.007,0.0068007,0.0065872,0.0068979,0.0073269,0.0061514,0.0068007,0.0069013,0.0059982,0.0061514,0.0059791,0.0062006,0.0057663,0.0063743,0.0057017,0.0060298,0.0060196,0.0057994,0.0057664,0.0055011,0.005099,0.0055433,0.005101,0.0048745,0.0049657,0.0046,0.0045806,0.0049961,0.0042991,0.0045603,0.0045991
24,0.0174813,0.0177549,0.017393,0.0167517,0.0170455,0.0171931,0.017532,0.0172077,0.0164016,0.0165084,0.0167922,0.0159984,0.0156977,0.0154015,0.0156977,0.0147958,0.0150075,0.0154241,0.0145628,0.0144,0.0142992,0.0145019,0.0140014,0.0137722,0.0132046,0.013204,0.0128805,0.0127013,0.0119888,0.0123025,0.0119012,0.0118366,0.011492,0.0117453,0.0110989,0.0106711,0.0111,0.0107422,0.0104042,0.0106407,0.0099314,0.0101,0.0096172,0.0100023,0.0094009,0.009801,0.0097693,0.0087026,0.009303,0.009374,0.0089991,0.0088166,0.0091308,0.0087,0.0086965,0.0089585,0.0083707,0.0093233,0.007403,0.0081275,0.0081174,0.0080024,0.0074081,0.0079016,0.0074993,0.0074007,0.0077023,0.0074985,0.0071851,0.0067,0.0071007,0.0064757,0.006798,0.0068506,0.0068202,0.0070007,0.0067898,0.0062981,0.0060703,0.0060703,0.0060006,0.006202,0.006121,0.0057017,0.005219,0.0053102,0.0049995,0.0059285,0.0053011,0.005199,0.0049657,0.005201,0.0052798,0.0050468,0.005,0.0049859,0.0048339,0.004899,0.0050569,0.004899
25,0.017461,0.0172888,0.0177929,0.0172482,0.0168226,0.017393,0.017076,0.0170455,0.0163016,0.016093,0.0159815,0.0161984,0.0158599,0.0156016,0.0152924,0.0150086,0.0156078,0.0148667,0.0150796,0.0148,0.0140459,0.0146438,0.0134013,0.0137823,0.0133871,0.0130039,0.0126676,0.0125013,0.0122016,0.0115023,0.0126013,0.0125257,0.0119582,0.0113704,0.0119988,0.0108333,0.0105,0.0106915,0.0109044,0.0100124,0.0105191,0.0101,0.0104381,0.0098706,0.0093009,0.009501,0.0096882,0.010003,0.008847,0.0094044,0.009799,0.0089686,0.0094753,0.0086,0.0085966,0.0085227,0.0082491,0.0086342,0.0084034,0.0083707,0.0080667,0.0078023,0.0079351,0.0077015,0.0076817,0.0077008,0.0070021,0.0073985,0.0072459,0.007,0.0068007,0.0072155,0.006698,0.0068709,0.0067391,0.0061006,0.0059791,0.0069979,0.006202,0.0062223,0.0061006,0.0057663,0.0054521,0.0056017,0.0057359,0.0056244,0.0054995,0.0059285,0.0054011,0.0054989,0.0052596,0.005001,0.0049859,0.0050163,0.0048,0.00454,0.0045603,0.0045991,0.0044286,0.0040992
26,0.0161842,0.0162348,0.0168932,0.0174306,0.0166605,0.0159936,0.0170151,0.0163463,0.0157016,0.0158092,0.0161335,0.0159984,0.0153025,0.0153015,0.0152822,0.0149275,0.0151076,0.0143802,0.0141473,0.014,0.0146945,0.0136201,0.0137014,0.0141471,0.0135391,0.0130039,0.0134378,0.0124012,0.0124144,0.0118024,0.0122012,0.0123433,0.0118366,0.0114109,0.0113989,0.0117149,0.0112,0.0115125,0.0108043,0.0106306,0.0105698,0.0108,0.0097793,0.0102455,0.010101,0.009801,0.0094552,0.0103031,0.0098604,0.0093233,0.0086991,0.0090801,0.0088977,0.0089,0.0088964,0.0091004,0.0086747,0.0082896,0.0083033,0.0083707,0.0081984,0.0084025,0.0082999,0.0078016,0.007783,0.0075008,0.0077023,0.0071986,0.0074283,0.0074,0.0071007,0.0063035,0.006798,0.0066581,0.0065973,0.0069007,0.0066175,0.006798,0.0060399,0.0063034,0.0064006,0.0060399,0.0059993,0.0062019,0.0055839,0.005594,0.0052995,0.0051685,0.0053011,0.0053989,0.0056345,0.0055011,0.005067,0.0049353,0.0049,0.0046921,0.0048542,0.004899,0.0041246,0.0045991
27,0.0160423,0.0163868,0.0162935,0.016022,0.0161436,0.0157937,0.0165997,0.0159308,0.0159016,0.0166301,0.0162348,0.0158984,0.0154038,0.0150015,0.0155862,0.0146336,0.0150075,0.0144816,0.0148162,0.0141,0.0133465,0.0135289,0.0135013,0.0131438,0.0133871,0.013304,0.0133466,0.0130013,0.012992,0.0124025,0.0119012,0.0121203,0.0121304,0.0111778,0.0110989,0.0117656,0.0121,0.0109449,0.0109044,0.0104989,0.0104279,0.0104,0.0104482,0.0105394,0.010001,0.010001,0.0100024,0.0097029,0.0096375,0.0092422,0.0092991,0.0092118,0.0091916,0.0084,0.0087965,0.008087,0.0086443,0.0085835,0.0088035,0.0086545,0.0081883,0.0077023,0.0079148,0.0077015,0.0075601,0.0073007,0.0076023,0.0075985,0.0072561,0.0073,0.0074007,0.0073777,0.0071978,0.0066479,0.0068303,0.0068007,0.0069824,0.0062981,0.0061615,0.0064756,0.0069007,0.0059588,0.0065162,0.0058017,0.0056953,0.0055028,0.0061994,0.0055637,0.0054011,0.0052989,0.0054724,0.005201,0.004763,0.0051684,0.0051,0.0052494,0.0049251,0.0044991,0.0045502,0.0042991
28,0.0146336,0.0159207,0.0147941,0.0149681,0.0155356,0.0157937,0.0153835,0.0150795,0.0155016,0.015566,0.0155153,0.0151985,0.0152012,0.0149015,0.014431,0.0146843,0.0154077,0.0146235,0.0137926,0.0145,0.0141269,0.013083,0.0139014,0.0132351,0.0124041,0.0128038,0.0130223,0.0128013,0.012536,0.0121024,0.0120012,0.011644,0.0121507,0.0111373,0.0107989,0.0118062,0.011,0.0110666,0.0106042,0.0110157,0.0101644,0.0113,0.0107421,0.0101948,0.010101,0.010201,0.0097389,0.0102031,0.0095969,0.0098097,0.009599,0.0092828,0.0096375,0.0093,0.0086965,0.0091409,0.0094247,0.0091409,0.0092037,0.0086545,0.0087254,0.0086026,0.0085634,0.0084017,0.0081681,0.0078008,0.0078023,0.0079984,0.0075601,0.0077,0.0074007,0.0070939,0.0068979,0.0074384,0.0074587,0.0070007,0.0066378,0.0063981,0.0067391,0.0068506,0.0066007,0.0066479,0.0066378,0.0064019,0.0058271,0.0059081,0.0056994,0.0060603,0.0056011,0.0055989,0.0056143,0.005101,0.0051886,0.0053913,0.005,0.0049353,0.0049251,0.0043991,0.0045096,0.0037992
29,0.0146235,0.0142181,0.0152939,0.0148161,0.015718,0.0141943,0.0149274,0.0140661,0.0153015,0.0155052,0.0150289,0.0150985,0.0143803,0.0151015,0.0148363,0.0141878,0.0142071,0.0138431,0.0136507,0.0138,0.0137012,0.0137215,0.0138014,0.0135593,0.0130324,0.0126038,0.0122521,0.0121012,0.0123232,0.0118024,0.0115012,0.011796,0.0115224,0.0119075,0.0121988,0.0110461,0.0111,0.0108537,0.0113045,0.0112792,0.0113501,0.0106,0.010286,0.0106002,0.010201,0.009901,0.0092322,0.0102031,0.0102759,0.0100732,0.0094991,0.0099111,0.0095665,0.0092,0.0093962,0.0093436,0.0088977,0.0089686,0.0090036,0.0088977,0.0085531,0.0084025,0.0085026,0.0089018,0.0080668,0.0081008,0.0081024,0.0077984,0.0081276,0.0075,0.0072007,0.0075702,0.0074978,0.0077627,0.0072762,0.0073007,0.0066277,0.0070979,0.0071952,0.0069317,0.0067007,0.0068506,0.0061615,0.006702,0.0069013,0.0064655,0.0059994,0.0060501,0.0057011,0.0055989,0.0052393,0.005201,0.0051582,0.0050569,0.0055,0.0050468,0.0049454,0.005099,0.0048745,0.0043991
30,0.0141675,0.0136303,0.0137945,0.0138026,0.014208,0.0141943,0.0135087,0.0145931,0.0143014,0.0150795,0.0144107,0.0141986,0.0143094,0.0144014,0.01436,0.0140256,0.0134067,0.0136505,0.0132048,0.0139,0.0137114,0.0131134,0.0135013,0.0125662,0.0131236,0.0128038,0.0134682,0.0124012,0.0125563,0.0122024,0.0119012,0.0122115,0.012019,0.0115427,0.0111989,0.0114413,0.0116,0.0106003,0.0112045,0.0105191,0.0106914,0.0113,0.0107218,0.0111474,0.010201,0.010401,0.0104179,0.010103,0.0096881,0.0098199,0.010099,0.0099618,0.0096679,0.0094,0.0096961,0.0092726,0.0088267,0.0091004,0.0093037,0.0087153,0.0088774,0.0090027,0.0087356,0.0088018,0.0088167,0.0083008,0.0083025,0.0082983,0.0078438,0.0079,0.0076008,0.0074182,0.0079976,0.0074891,0.0072154,0.0071007,0.0073877,0.0072978,0.0072357,0.0072053,0.0070007,0.0065973,0.0065162,0.006702,0.0063642,0.0068506,0.0062994,0.0062325,0.0065013,0.0061988,0.0062223,0.0056011,0.0051278,0.0052089,0.0054,0.0055636,0.0052697,0.005099,0.0046819,0.0043991
31,0.0120392,0.0131742,0.0131947,0.0134276,0.0142992,0.0132947,0.0135593,0.0138229,0.0134013,0.0137924,0.0140864,0.0145985,0.0142283,0.0137014,0.0134581,0.0139648,0.0135068,0.0131641,0.0128603,0.0133,0.013458,0.0131236,0.0131013,0.0129716,0.0125865,0.0122037,0.0129717,0.0126013,0.0117354,0.0124025,0.0127013,0.0117859,0.0117352,0.011867,0.0117988,0.0116035,0.011,0.0108334,0.0111044,0.0113299,0.0111373,0.0113,0.0111576,0.0109752,0.0110011,0.0108011,0.0099315,0.0105032,0.0101847,0.009901,0.009599,0.0106205,0.0094145,0.0099,0.0096961,0.0097287,0.0091004,0.0087963,0.0087035,0.009151,0.0091713,0.0092028,0.009141,0.0092018,0.0085127,0.0085008,0.0086026,0.0081984,0.0081681,0.0079,0.0082008,0.0078236,0.0076977,0.0081174,0.0077323,0.0078008,0.0074485,0.0070979,0.0068911,0.0081478,0.0072007,0.0070432,0.0069722,0.0071021,0.0070026,0.0066682,0.0063994,0.0064453,0.0062012,0.0059988,0.0059385,0.0064013,0.0057561,0.0057764,0.0051,0.0049859,0.0055839,0.0053989,0.0046009,0.0045991
32,0.0121912,0.0121912,0.0132947,0.0131844,0.013458,0.0130948,0.0135087,0.0136506,0.0140014,0.0141775,0.0143195,0.0141986,0.0133465,0.0135013,0.0135493,0.0132047,0.0135068,0.0134783,0.0129312,0.0139,0.0134479,0.0126878,0.0132013,0.0122926,0.0130324,0.0124037,0.0123534,0.0119012,0.01208,0.0124025,0.0123012,0.0115427,0.0123535,0.0114413,0.0111989,0.0120292,0.011,0.0115023,0.0107043,0.011188,0.011715,0.0107,0.0108434,0.0110258,0.010301,0.010001,0.0098504,0.0105032,0.0102455,0.0097895,0.009999,0.0097591,0.0094247,0.0101,0.010096,0.0098604,0.0097793,0.0092321,0.0098039,0.0088774,0.0086849,0.0091027,0.0094349,0.0086017,0.0088775,0.0090009,0.0089027,0.0089982,0.008158,0.0083,0.0081008,0.0082289,0.0079976,0.0081782,0.00832,0.0078008,0.0073269,0.0076977,0.0075803,0.0074587,0.0070007,0.0071648,0.0070026,0.0071021,0.0068607,0.0067999,0.0066993,0.0062123,0.0064013,0.0063987,0.0058473,0.0060012,0.0058372,0.0058372,0.0054,0.0051278,0.0052494,0.004799,0.0048542,0.0046991
33,0.0114616,0.0121507,0.012395,0.013306,0.0131742,0.0126949,0.0125966,0.0137925,0.0130013,0.0136303,0.0133668,0.0125987,0.0131438,0.0131013,0.0134581,0.0134074,0.0130065,0.0134276,0.0141676,0.0135,0.0129716,0.0127182,0.0127013,0.0129513,0.0125865,0.0124037,0.0127487,0.0127013,0.0120192,0.0128026,0.0121012,0.0112792,0.0119582,0.0117149,0.0116988,0.0117859,0.0112,0.0110868,0.0106042,0.010286,0.0115629,0.011,0.0112082,0.0113096,0.0105011,0.010201,0.0103368,0.0107032,0.0095868,0.0100732,0.010199,0.0103367,0.0099314,0.0094,0.0094962,0.0093639,0.0095463,0.0094348,0.0095038,0.0094956,0.0088977,0.0094028,0.0091005,0.0089018,0.009141,0.0086009,0.0092028,0.0091982,0.0086444,0.0086,0.0082008,0.0085431,0.0084975,0.0085025,0.0081174,0.0076008,0.0078336,0.0077977,0.0077931,0.0073168,0.0076008,0.0070837,0.0069722,0.006802,0.0070736,0.0068607,0.0066993,0.0065771,0.0066013,0.0065987,0.0066986,0.0059012,0.0056852,0.0056244,0.0058,0.0059183,0.0056548,0.0052989,0.0051886,0.004799
34,0.0112488,0.0118264,0.0119952,0.0126169,0.0126878,0.0119952,0.0122825,0.0127689,0.0131013,0.0131945,0.0136505,0.0129987,0.0129614,0.0138014,0.0136,0.0127892,0.0131066,0.0126675,0.0128299,0.0128,0.0128702,0.0127081,0.0134013,0.0122622,0.0123635,0.0128038,0.0125155,0.0122012,0.0119989,0.0119024,0.0115012,0.0123027,0.0113197,0.0114312,0.0121988,0.0120495,0.0119,0.0117253,0.0120048,0.011269,0.0112184,0.0111,0.0113603,0.010813,0.0114011,0.0110011,0.0109348,0.0108032,0.0099111,0.0104786,0.010199,0.0097084,0.0101036,0.0104,0.009996,0.0095969,0.0092422,0.0096679,0.0098039,0.0088267,0.0090294,0.0092028,0.0090599,0.0091018,0.0090599,0.0092009,0.0088026,0.0088982,0.0085026,0.0086,0.0086009,0.0084722,0.0082975,0.0075093,0.0078336,0.0076008,0.0084417,0.0076977,0.0075701,0.007256,0.0073007,0.0075195,0.0068101,0.006802,0.0069418,0.0074688,0.0071993,0.0064859,0.0067013,0.0067986,0.0065365,0.0064013,0.0061007,0.0059385,0.0058,0.0060399,0.0054724,0.0045991,0.0051684,0.004899
35,0.0111576,0.0116237,0.0120952,0.0121102,0.0118467,0.0120952,0.0126169,0.0124953,0.0128013,0.0128601,0.0126473,0.0125987,0.0126675,0.0126013,0.0130527,0.0129311,0.0136068,0.0128804,0.0125461,0.0128,0.0127892,0.0124041,0.0133013,0.0124041,0.012323,0.0119036,0.0121406,0.0115012,0.0119584,0.0122024,0.0124012,0.0119379,0.0119784,0.0117352,0.0113989,0.0116947,0.0112,0.0113807,0.0118047,0.0112995,0.0106407,0.011,0.0108333,0.0115427,0.0109011,0.010401,0.0111882,0.0106032,0.0109346,0.0102759,0.0105989,0.0107826,0.0101847,0.0101,0.009896,0.0097996,0.0101644,0.0100023,0.009904,0.0100428,0.0097591,0.0094028,0.0096376,0.0090018,0.009293,0.0090009,0.0087026,0.0092981,0.0086242,0.0087,0.0085009,0.008462,0.0079976,0.0081782,0.0079958,0.0085008,0.0081174,0.0078976,0.0077829,0.0071546,0.0074007,0.0073269,0.0075093,0.0073022,0.0071242,0.0064959,0.0071993,0.007175,0.0062012,0.0066987,0.006354,0.0066013,0.0066581,0.0060095,0.0057,0.0055028,0.0053609,0.0057988,0.0052798,0.004999
36,0.0109144,0.0109346,0.0109956,0.0113704,0.0117555,0.012495,0.0132148,0.0125054,0.0120012,0.0121507,0.013306,0.0132987,0.0132553,0.0129013,0.0128906,0.0122419,0.0129065,0.0118366,0.0127995,0.0125,0.0126169,0.0123433,0.0127013,0.0129006,0.0121507,0.0122037,0.011948,0.0120012,0.0117354,0.0127025,0.0125013,0.0126067,0.0117048,0.0116237,0.0122988,0.0116845,0.0113,0.0112895,0.0118047,0.0114819,0.01134,0.0112,0.0111677,0.0102151,0.0112011,0.0108011,0.0109551,0.0105032,0.0099111,0.0106813,0.010299,0.0101442,0.0100327,0.0102,0.0101959,0.0096273,0.0093537,0.0106407,0.0098039,0.0096881,0.0097996,0.010003,0.0091207,0.0094019,0.0095565,0.0090009,0.0090027,0.0086983,0.0085634,0.0088,0.0084008,0.0085532,0.0085974,0.0084315,0.0081072,0.0081008,0.007712,0.0079976,0.0076208,0.0079045,0.0079008,0.0077829,0.0075397,0.0077023,0.0073877,0.0068303,0.0069993,0.0069216,0.0068014,0.0067986,0.0065466,0.0063013,0.0064351,0.0058777,0.0059,0.0058271,0.0052089,0.0057988,0.0051684,0.004999
37,0.0106813,0.0107015,0.0104958,0.0116136,0.0116845,0.0117953,0.0122115,0.0125561,0.0120012,0.0123939,0.0124446,0.0124988,0.0126979,0.0127013,0.0123028,0.0119987,0.0126063,0.0122622,0.0128096,0.0122,0.0126675,0.0125763,0.0126013,0.0124649,0.0130526,0.0130039,0.0117859,0.0127013,0.0118773,0.0122024,0.0117012,0.0116339,0.0123129,0.0117555,0.0115988,0.0117656,0.0119,0.0109956,0.0110044,0.0111474,0.0109042,0.0109,0.0113096,0.0112082,0.0114011,0.0110011,0.0108842,0.0108032,0.0101239,0.0103164,0.0108989,0.0106407,0.0100124,0.0106,0.009896,0.0097489,0.009982,0.0097996,0.0094038,0.0096375,0.0099415,0.0102031,0.0095768,0.0094019,0.0099416,0.0092009,0.0093028,0.0089982,0.0091106,0.009,0.0085009,0.0084418,0.0084975,0.0084113,0.0084214,0.0082008,0.0079552,0.0079976,0.0084011,0.0074282,0.0079008,0.008016,0.0077829,0.0074022,0.0076816,0.007712,0.0073993,0.0068811,0.0069014,0.0072985,0.0062324,0.0061012,0.0063743,0.0055636,0.0058,0.005898,0.0055535,0.0056989,0.0054014,0.004899
38,0.0097287,0.0105597,0.0108956,0.0109042,0.0115528,0.0117953,0.0118771,0.0113805,0.0123012,0.0123433,0.0116947,0.0118988,0.0127284,0.0122012,0.0124852,0.0121507,0.0126063,0.0121203,0.0125563,0.0124,0.0130222,0.0128702,0.0130013,0.0116643,0.0120696,0.0119036,0.0117251,0.0119012,0.0119584,0.0127025,0.0122012,0.011867,0.0120696,0.0114211,0.0110989,0.0119684,0.0113,0.0115429,0.0109044,0.0112488,0.0107218,0.0115,0.0111373,0.0104887,0.0107011,0.0114011,0.0109754,0.0108032,0.0109549,0.0109853,0.0111989,0.0103164,0.0099212,0.0102,0.0105958,0.0101543,0.0093943,0.0098503,0.010004,0.0097388,0.00983,0.0092028,0.0092727,0.0089018,0.0092829,0.0092009,0.0094028,0.0089982,0.0092221,0.009,0.0091009,0.0083708,0.0089973,0.0088065,0.0091308,0.0091009,0.0084113,0.0083975,0.0079451,0.007935,0.0076008,0.0082694,0.0076309,0.0075023,0.0075195,0.0074485,0.0076992,0.0070027,0.0073015,0.0072985,0.0070634,0.0071014,0.0062932,0.006354,0.0059,0.0063135,0.0057764,0.0054989,0.0054116,0.004899
39,0.0100023,0.0107421,0.0104958,0.010286,0.0108941,0.0111955,0.0111778,0.0120088,0.0114011,0.0116845,0.0121608,0.0121988,0.0125662,0.0122012,0.011796,0.012779,0.0117059,0.0123129,0.0117253,0.0122,0.0119176,0.0122926,0.0125013,0.0122014,0.0118467,0.0125038,0.0121608,0.0116012,0.0123536,0.0120024,0.0116012,0.011948,0.0114717,0.0119987,0.0117988,0.0120596,0.0117,0.0115935,0.0116046,0.0110258,0.0115325,0.0105,0.0109448,0.011269,0.0114011,0.0113011,0.0113807,0.0110033,0.0102354,0.0108333,0.010499,0.0104381,0.0105495,0.01,0.0101959,0.0104583,0.0103164,0.010205,0.0102041,0.0104887,0.0095969,0.009903,0.0098707,0.0091018,0.0097896,0.0095009,0.0089027,0.0095981,0.0092322,0.0092,0.0088009,0.0089383,0.0089973,0.0088774,0.0083808,0.0090009,0.008239,0.0084975,0.0080667,0.0086342,0.0081008,0.0082998,0.0081376,0.0076023,0.0079654,0.0077627,0.0076992,0.0070534,0.0065013,0.0069986,0.0066581,0.0061012,0.006273,0.0063844,0.0061,0.0057156,0.0060196,0.0055989,0.0053305,0.005099
40,0.0095159,0.010053,0.009896,0.0111474,0.0107117,0.0109956,0.0113096,0.0115832,0.010401,0.0113603,0.0116947,0.0122988,0.011948,0.0119012,0.0122826,0.0122825,0.0121061,0.0114413,0.0124245,0.0119,0.0118771,0.0122622,0.0117012,0.0124547,0.0116541,0.0118035,0.0125054,0.0114011,0.0113503,0.0120024,0.0115012,0.0114109,0.0116845,0.0119075,0.0115988,0.0114515,0.011,0.0112895,0.0110044,0.0116541,0.0119583,0.0113,0.0114616,0.0109752,0.0112011,0.0112011,0.0106408,0.0105032,0.0110157,0.0108536,0.010399,0.0105293,0.0110461,0.0105,0.0113954,0.0104583,0.010053,0.0103874,0.0102041,0.0096476,0.0100226,0.0098029,0.0103571,0.010002,0.0095058,0.009701,0.009903,0.0094981,0.0096274,0.0096,0.0092009,0.0090498,0.0089973,0.0091004,0.0086241,0.0087009,0.0083302,0.0081975,0.0081072,0.0083707,0.0081008,0.0083302,0.0087254,0.0078023,0.0073573,0.0083403,0.0078992,0.0074486,0.0071014,0.0067986,0.0068506,0.0070014,0.0065567,0.0063236,0.0062,0.0059183,0.0055737,0.0059988,0.0051582,0.005099
41,0.0087051,0.0100834,0.0095962,0.0109853,0.0108637,0.0106957,0.0108232,0.0114109,0.0115012,0.0111272,0.0107319,0.0113989,0.0115933,0.0120012,0.0119075,0.0118467,0.0118059,0.0123838,0.0124651,0.0118,0.011948,0.0119886,0.0113011,0.0120088,0.0121304,0.0116035,0.0115021,0.0117012,0.011928,0.0117023,0.0118012,0.0112184,0.012242,0.0116237,0.0117988,0.0112082,0.0112,0.0117354,0.0110044,0.0120494,0.0112184,0.0111,0.0112285,0.0117859,0.0106011,0.0113011,0.0104179,0.0107032,0.0108434,0.0113299,0.010499,0.010813,0.0104887,0.0103,0.0102959,0.0106813,0.0105698,0.0100428,0.0106042,0.0103367,0.0099516,0.0092028,0.0100024,0.0103021,0.0096984,0.009801,0.0093028,0.0096981,0.0100632,0.0098,0.009701,0.008766,0.0087974,0.0088876,0.0093639,0.0088009,0.0085227,0.0089973,0.0087963,0.0091612,0.0082008,0.0080566,0.0081782,0.0086026,0.0078741,0.0079147,0.0074993,0.0074385,0.0074015,0.0074985,0.0067695,0.0065013,0.0066885,0.0066479,0.0061,0.0055839,0.0058676,0.0060988,0.0056345,0.005199
42,0.0088774,0.0092524,0.0095962,0.0100327,0.0103874,0.0104958,0.0107522,0.0109144,0.0110011,0.0106914,0.0105901,0.0116988,0.0113805,0.0116012,0.0112285,0.0110866,0.0114057,0.0116035,0.0118064,0.0117,0.0116237,0.0120088,0.0115012,0.0122216,0.01134,0.0124037,0.0115123,0.0117012,0.0119077,0.0111022,0.0115012,0.0124142,0.0115731,0.0123231,0.0118988,0.0114109,0.0112,0.0110767,0.0117047,0.0114413,0.0107623,0.0106,0.011188,0.0111576,0.0110011,0.0110011,0.0103875,0.0110033,0.0109042,0.0107623,0.0109989,0.0107421,0.0115528,0.0106,0.0105958,0.0102658,0.0103063,0.0101036,0.0104042,0.0103164,0.0096172,0.010103,0.0100125,0.0096019,0.0098301,0.010001,0.0097029,0.0096981,0.0094856,0.0097,0.009901,0.0097997,0.0091972,0.0097793,0.0090902,0.0093009,0.0093537,0.0084975,0.0086139,0.0087153,0.0086009,0.0086139,0.0084417,0.0084025,0.008543,0.0079147,0.0077992,0.0081884,0.0077015,0.0071986,0.0074181,0.0070014,0.0071648,0.0065263,0.0065,0.0062122,0.0063439,0.0059988,0.0056649,0.0052989
43,0.0077829,0.0090092,0.0093962,0.0101442,0.0102759,0.0095962,0.0102556,0.0106002,0.0109011,0.0104786,0.0111474,0.0105989,0.0115528,0.0116012,0.0111981,0.0111576,0.0114057,0.0114515,0.0118976,0.0117,0.0114312,0.0117352,0.0116012,0.0110562,0.0119683,0.0121036,0.0116744,0.0122012,0.0113807,0.0116023,0.0115012,0.0117048,0.0112386,0.0117859,0.0115988,0.0115832,0.0118,0.0115834,0.0114046,0.0110056,0.0113197,0.0111,0.0115123,0.011188,0.0108011,0.0113011,0.0111679,0.0109033,0.0110664,0.0107927,0.0108989,0.0112488,0.0107826,0.011,0.0108956,0.0105191,0.0101847,0.0104989,0.0103041,0.0102455,0.0104786,0.0098029,0.00982,0.010202,0.0102051,0.0106011,0.010003,0.0094981,0.0097794,0.0098,0.009701,0.0091309,0.0090973,0.0094348,0.0089686,0.0095009,0.0091612,0.0094972,0.0086747,0.0090193,0.0090009,0.0087051,0.0082592,0.0080024,0.0082491,0.0081579,0.0078992,0.0079857,0.0076015,0.0077984,0.0070837,0.0072014,0.0066682,0.0066479,0.0069,0.006354,0.0063236,0.0061988,0.0056548,0.0052989
44,0.0080059,0.0079856,0.0093962,0.0095463,0.0099415,0.009996,0.0100124,0.0102658,0.010401,0.0106813,0.0104989,0.0107989,0.0113704,0.0116012,0.0107826,0.0109752,0.0117059,0.0122318,0.0114314,0.0118,0.0113805,0.0110461,0.0115012,0.0111272,0.0118062,0.0113034,0.0121304,0.0117012,0.0117455,0.0115023,0.0109011,0.0119075,0.0116541,0.0117859,0.0113989,0.0109042,0.0111,0.0114314,0.0109044,0.01134,0.0111069,0.0109,0.0113704,0.0122622,0.0115012,0.0111011,0.0119584,0.0110033,0.010509,0.0106205,0.0109989,0.0110866,0.0106813,0.011,0.0116953,0.0105495,0.0103975,0.0103874,0.0103041,0.0105495,0.0103874,0.0103031,0.0104888,0.0103021,0.0097794,0.010001,0.0103031,0.0092981,0.0097592,0.0094,0.009901,0.0102963,0.0097971,0.0095665,0.0092524,0.0093009,0.0091206,0.0085974,0.0096476,0.0084417,0.0085009,0.008695,0.0087254,0.0085026,0.0085329,0.0078235,0.0073993,0.0079046,0.0075015,0.0078984,0.0076816,0.0070014,0.0074992,0.0070736,0.0066,0.0064047,0.0063946,0.0065987,0.0058068,0.0053989
45,0.0082795,0.0088876,0.0090964,0.0092726,0.0101239,0.0094962,0.0097895,0.009982,0.0109011,0.0105597,0.0104077,0.010499,0.0105293,0.0105011,0.0109448,0.0112792,0.0109055,0.0117251,0.0111071,0.0114,0.0107522,0.0113907,0.0111011,0.01134,0.0116237,0.0113034,0.0108333,0.0109011,0.0112186,0.0115023,0.0112011,0.0119176,0.0112386,0.0112082,0.0112989,0.0110461,0.0117,0.0118874,0.0114046,0.0114413,0.011715,0.0116,0.0112589,0.0110664,0.0115012,0.0110011,0.0111983,0.0116035,0.0110461,0.0109245,0.0105989,0.0109144,0.0110968,0.0108,0.0106957,0.010813,0.0107117,0.0109042,0.0112045,0.0104178,0.0103874,0.0105032,0.0107219,0.0111022,0.010428,0.009901,0.009903,0.0095981,0.0100936,0.0096,0.009701,0.009668,0.0095971,0.009151,0.0094753,0.0091009,0.0088673,0.0087974,0.0096577,0.0089585,0.0091009,0.008918,0.0090598,0.0085026,0.00832,0.0085531,0.0079992,0.0079351,0.0081016,0.0079984,0.0077424,0.0071014,0.0075499,0.0069722,0.007,0.0065162,0.0064756,0.0065987,0.0058169,0.005199
46,0.0079755,0.008999,0.0087965,0.0090294,0.0093132,0.0091963,0.0099618,0.0099314,0.010401,0.0097692,0.009303,0.010499,0.0104077,0.0107011,0.0108232,0.0110258,0.0108054,0.0112184,0.0108132,0.0114,0.010509,0.0112893,0.0112011,0.0111272,0.0116339,0.0110033,0.0109752,0.0113011,0.0109145,0.0118024,0.0117012,0.0120696,0.0112589,0.0115629,0.0110989,0.0115832,0.0113,0.0116442,0.0116046,0.0118366,0.011269,0.011,0.0113704,0.0113501,0.0110011,0.0112011,0.0111071,0.0113034,0.0114515,0.0112792,0.0112989,0.0107725,0.010884,0.0108,0.0103958,0.0107015,0.0109853,0.010357,0.0107043,0.0106205,0.0110461,0.0102031,0.0098504,0.010202,0.0097896,0.010401,0.0108032,0.0103979,0.0102963,0.01,0.009701,0.0101645,0.0096971,0.0097692,0.0094145,0.0092009,0.0098908,0.0087974,0.0089788,0.0088369,0.0087009,0.00907,0.0086038,0.0089027,0.0084923,0.0082795,0.0086991,0.0082188,0.0082016,0.0076985,0.0079552,0.0077015,0.0076411,0.0071242,0.0069,0.0070026,0.0067189,0.0066987,0.0062426,0.0058988
47,0.0076512,0.0076309,0.0083966,0.0087153,0.0090497,0.0096961,0.0096983,0.0093943,0.009501,0.0102556,0.0100327,0.010099,0.0100834,0.0107011,0.0109346,0.0102455,0.0107054,0.0105698,0.0105395,0.0105,0.0104685,0.010813,0.0110011,0.010813,0.0109042,0.0110033,0.0115528,0.0119012,0.0116341,0.0115023,0.0115012,0.0112386,0.0109954,0.0114109,0.0112989,0.0111373,0.0114,0.0111983,0.0118047,0.01134,0.0118468,0.0112,0.0114413,0.0111373,0.0115012,0.0112011,0.0107625,0.0112034,0.011036,0.0109954,0.0108989,0.011492,0.0106103,0.0108,0.0110956,0.0113501,0.0106509,0.0104887,0.0110044,0.0110258,0.0107725,0.0108032,0.0104382,0.010102,0.0106206,0.010101,0.0104031,0.0103979,0.009972,0.0101,0.009801,0.0101443,0.0103969,0.0101138,0.009151,0.0095009,0.0094652,0.0093972,0.0092726,0.0091612,0.0093009,0.009222,0.0094956,0.0090027,0.0087558,0.0088571,0.0085991,0.0085532,0.0088018,0.0076985,0.0080059,0.0082016,0.0075397,0.0072458,0.0072,0.0070026,0.0067999,0.0062987,0.0063034,0.0055989
48,0.0074181,0.0078032,0.0080968,0.0090801,0.0086241,0.0091963,0.0094855,0.0091612,0.010201,0.0099415,0.0097591,0.010299,0.0100226,0.010301,0.0102151,0.0104887,0.0108054,0.0104685,0.0098909,0.0108,0.010884,0.0107218,0.0106011,0.0114819,0.0111576,0.0111033,0.011117,0.0115012,0.0109449,0.0111022,0.0109011,0.0117149,0.011188,0.0116744,0.0115988,0.0117656,0.011,0.0111375,0.0115046,0.0111474,0.0114312,0.011,0.011117,0.0111981,0.0108011,0.0111011,0.0106915,0.0112034,0.0112386,0.0112589,0.0109989,0.0111474,0.0107015,0.0113,0.0111955,0.0107927,0.0111272,0.0103469,0.0110044,0.0105293,0.0108941,0.0105032,0.0103267,0.0105021,0.0113301,0.010401,0.0110033,0.0103979,0.0102253,0.0098,0.010101,0.0101747,0.009997,0.0100226,0.0099415,0.010301,0.00983,0.0090973,0.0088571,0.0093132,0.009601,0.0097489,0.0094348,0.0090027,0.0091308,0.0085531,0.0086991,0.0080567,0.0080016,0.0082983,0.0074282,0.0079016,0.008168,0.0076411,0.0074,0.0072357,0.0069215,0.0065987,0.0063135,0.0060988
49,0.0075499,0.0075296,0.0085966,0.0088065,0.008695,0.0091963,0.0099516,0.010053,0.009701,0.0094044,0.0099111,0.010099,0.0106407,0.0092009,0.0098807,0.0100834,0.0107054,0.0102658,0.0095464,0.0105,0.009982,0.0108434,0.0108011,0.0106813,0.0114312,0.0113034,0.011117,0.0108011,0.0105598,0.0113023,0.0113011,0.0116339,0.0108738,0.0115933,0.0106989,0.0112792,0.011,0.0109753,0.0118047,0.0112792,0.010965,0.0109,0.0106205,0.0107218,0.0111011,0.0116012,0.0108436,0.0114034,0.010509,0.011036,0.0110989,0.0110765,0.0109954,0.0111,0.0113954,0.0112792,0.010813,0.0106813,0.0106042,0.0104989,0.0107319,0.0111033,0.0113807,0.010202,0.0098707,0.0112011,0.0107032,0.0104979,0.0104483,0.0105,0.0108011,0.0103368,0.009997,0.0097895,0.0097591,0.010101,0.0098401,0.0095971,0.0100732,0.0096172,0.0094009,0.0094044,0.0097185,0.0097029,0.0094348,0.0090497,0.0081992,0.0086343,0.0088018,0.0083983,0.0079654,0.0082016,0.0078437,0.0078235,0.0077,0.0070229,0.0065871,0.0067986,0.0064351,0.0054989
50,0.0068709,0.0079045,0.0078968,0.0082998,0.0085633,0.0090964,0.0093132,0.0094247,0.0092009,0.0096476,0.0097793,0.009899,0.0098401,0.009701,0.0099212,0.0102962,0.0105053,0.0102151,0.0103064,0.0106,0.0108232,0.0106509,0.010401,0.0107725,0.0110056,0.0108032,0.0110866,0.0110011,0.011026,0.0108022,0.0110011,0.0101442,0.0113501,0.010884,0.0110989,0.0112285,0.011,0.0110057,0.0110044,0.0111474,0.0109448,0.011,0.0116035,0.0118974,0.0107011,0.0113011,0.0111476,0.0113034,0.0111373,0.0108536,0.010399,0.0107218,0.0115629,0.011,0.0110956,0.011269,0.0109144,0.0112184,0.0112045,0.010813,0.0111981,0.0112034,0.0103672,0.0106021,0.0102861,0.010501,0.0107032,0.0104979,0.0101544,0.0108,0.009901,0.0101443,0.009997,0.0099922,0.00983,0.010001,0.0100935,0.0101969,0.0096375,0.009982,0.009801,0.0097185,0.0100226,0.009903,0.0092422,0.0090598,0.0083992,0.008614,0.0085017,0.0088982,0.0080363,0.0081016,0.0078133,0.0080566,0.0073,0.0070736,0.0074992,0.0075985,0.0065365,0.0060988
51,0.0070938,0.0078336,0.0076969,0.0080667,0.0087153,0.0091963,0.0090902,0.0085937,0.009501,0.0093943,0.0095969,0.0093991,0.0092422,0.009901,0.0096476,0.0091206,0.0098049,0.0095361,0.0094552,0.0104,0.0102354,0.0105191,0.0106011,0.0107826,0.0105394,0.0107032,0.0112488,0.0106011,0.0107928,0.0104021,0.010301,0.0106306,0.0108941,0.0111778,0.0107989,0.0112995,0.0112,0.0111375,0.0108043,0.0113907,0.0115224,0.0116,0.0112488,0.011492,0.0108011,0.0119012,0.0110159,0.0109033,0.0111576,0.0112082,0.0113989,0.0109245,0.0114008,0.0108,0.0103958,0.0110056,0.0110056,0.0112184,0.0107043,0.0112184,0.0115224,0.0108032,0.0109348,0.0105021,0.0105192,0.0106011,0.0103031,0.0109978,0.0109146,0.0114,0.010101,0.0104382,0.0105968,0.010884,0.0103671,0.010201,0.0099719,0.0094972,0.0093841,0.0100023,0.010001,0.0093334,0.0094247,0.0098029,0.0099314,0.0093639,0.0092991,0.0091511,0.0090018,0.0087982,0.0084011,0.0087017,0.0079552,0.0080971,0.008,0.0071546,0.0074688,0.0070986,0.0070026,0.0059988
52,0.0067999,0.0072965,0.0080968,0.0076309,0.0081174,0.0079968,0.0082491,0.0088876,0.0092009,0.0088977,0.0098097,0.0089991,0.0089484,0.009901,0.0095969,0.0100834,0.0094047,0.0105191,0.0098909,0.0095,0.009901,0.0101746,0.0108011,0.0104381,0.0104887,0.0105032,0.0098908,0.010301,0.0109246,0.0106021,0.0110011,0.0109853,0.0104989,0.0106711,0.0110989,0.0111069,0.011,0.011026,0.0110044,0.0113501,0.0113197,0.011,0.0108738,0.0109245,0.0110011,0.0112011,0.0116847,0.0117035,0.0109954,0.0114211,0.0110989,0.0112184,0.0104685,0.0112,0.0108956,0.011117,0.011269,0.0110258,0.0104042,0.0108941,0.0122115,0.0113034,0.0111882,0.0107021,0.0108638,0.0107011,0.0111033,0.0105979,0.0107016,0.0109,0.010401,0.0105699,0.0103969,0.0104077,0.0101442,0.0109011,0.0099415,0.010097,0.0107319,0.0100631,0.010301,0.0098604,0.0096577,0.0098029,0.0097895,0.0095969,0.0093991,0.0088268,0.0091018,0.0086983,0.00907,0.0082016,0.0084011,0.0081883,0.0079,0.0082491,0.0074891,0.0068986,0.0071648,0.0062987
53,0.0060602,0.0066783,0.0077969,0.0078133,0.0082187,0.0084966,0.0076917,0.0079755,0.0085009,0.0088166,0.0086038,0.0090991,0.0089484,0.009601,0.0096172,0.0095564,0.0091046,0.0094551,0.0098301,0.0105,0.0098807,0.0100226,0.010101,0.0104279,0.0099922,0.0102031,0.010205,0.010001,0.0109956,0.0107021,0.0109011,0.010134,0.0111373,0.0107927,0.0107989,0.0114312,0.0107,0.0109956,0.0113045,0.011117,0.011188,0.0108,0.011188,0.0111677,0.0111011,0.0115012,0.0110463,0.0112034,0.0115629,0.011492,0.0114989,0.0114109,0.01134,0.0111,0.0108956,0.0110562,0.0112589,0.0113603,0.0114046,0.0113704,0.0113096,0.0115035,0.0116746,0.0112022,0.0108841,0.0109011,0.009903,0.0108978,0.0108435,0.0114,0.0107011,0.0101443,0.0107968,0.010884,0.0109853,0.010501,0.0101036,0.0105968,0.0096273,0.009901,0.009901,0.0102151,0.0100631,0.009903,0.0094348,0.0094247,0.0090991,0.0092626,0.0085017,0.009898,0.0088369,0.0087017,0.0086241,0.0086646,0.0085,0.0080363,0.0076411,0.0074985,0.0072053,0.0065987
54,0.0061615,0.0070432,0.007397,0.0077019,0.0079755,0.0085966,0.0077019,0.0088065,0.0089009,0.0085025,0.0087254,0.0087991,0.0088673,0.0089009,0.0096375,0.0093537,0.0093047,0.0093132,0.0097389,0.0096,0.0096679,0.009526,0.010001,0.0099922,0.0104685,0.0094028,0.0104381,0.010401,0.010347,0.010102,0.010301,0.0105495,0.0108941,0.0103773,0.010399,0.0106002,0.0108,0.0108334,0.0111044,0.0112589,0.0115629,0.011,0.0107117,0.011036,0.0115012,0.0108011,0.0110362,0.0110033,0.0110765,0.0111677,0.0109989,0.0113704,0.0110765,0.011,0.0111955,0.0111069,0.0112893,0.0113501,0.0115046,0.0115021,0.0109549,0.0113034,0.0107828,0.0112022,0.0114517,0.0107011,0.0103031,0.0113977,0.0105091,0.0109,0.0111011,0.0107118,0.0107968,0.0107421,0.0104583,0.010401,0.0105191,0.0104969,0.0106002,0.0102962,0.010201,0.0103773,0.0103164,0.0097029,0.0103975,0.010053,0.010199,0.0097592,0.0097019,0.0087982,0.0089889,0.0089018,0.0092929,0.0089281,0.0089,0.0085531,0.0078133,0.0075985,0.0074992,0.0065987
55,0.0066581,0.0070736,0.0068972,0.007408,0.0072256,0.0083966,0.0081478,0.0082896,0.0082008,0.0084721,0.0085734,0.0083992,0.0086139,0.0087009,0.0092625,0.0094348,0.0092046,0.0094652,0.0092018,0.0093,0.0094145,0.0096881,0.009901,0.0097084,0.0101442,0.009903,0.0101138,0.010301,0.0105902,0.009902,0.010401,0.0107421,0.0108333,0.0107218,0.0110989,0.0110461,0.0107,0.0102152,0.0113045,0.0108637,0.0103063,0.0106,0.0104786,0.0113603,0.0110011,0.0109011,0.0115023,0.0113034,0.0109042,0.0110562,0.0109989,0.011036,0.0110056,0.0112,0.0114954,0.0107218,0.0111272,0.0109853,0.0116046,0.0108029,0.0113603,0.0110033,0.0117455,0.0107021,0.0106408,0.0113011,0.0111033,0.0114977,0.0108943,0.0105,0.0109011,0.0109956,0.0109967,0.011036,0.0110664,0.0109011,0.0104178,0.0109967,0.0110157,0.0109752,0.0105011,0.009982,0.0096983,0.010103,0.0102151,0.010053,0.009599,0.010124,0.0091018,0.0095981,0.0095361,0.0095019,0.0088065,0.0092828,0.0088,0.0086241,0.0086646,0.0080984,0.0077424,0.0069986
56,0.0059588,0.0065263,0.0072971,0.007408,0.0072864,0.0076969,0.0078336,0.0077829,0.0075008,0.0080971,0.0084417,0.0081992,0.0086545,0.0089009,0.0084011,0.0082491,0.0089045,0.0094753,0.0088268,0.0091,0.0098401,0.0094956,0.009701,0.0097287,0.0099618,0.0098029,0.0100226,0.010501,0.0099213,0.0105021,0.010001,0.0103975,0.0105191,0.011269,0.010299,0.0107117,0.0106,0.0100531,0.0109044,0.0115427,0.0113299,0.0104,0.0109042,0.0104685,0.0119012,0.0107011,0.0109754,0.010003,0.0109346,0.0110664,0.0114989,0.0111778,0.0117453,0.0115,0.0110956,0.0114211,0.0114616,0.0114717,0.0112045,0.0108941,0.0112792,0.0114034,0.0114111,0.0116023,0.0117253,0.0107011,0.0118035,0.0113977,0.0111679,0.0116,0.0108011,0.0113098,0.0104969,0.0110866,0.0107927,0.0109011,0.0105698,0.0107968,0.0106002,0.0107015,0.0108011,0.0104887,0.0100732,0.0106032,0.0109549,0.0104381,0.010399,0.0097186,0.0097019,0.009898,0.0100732,0.0090018,0.0090902,0.0092625,0.009,0.0084923,0.0087051,0.0078984,0.0078133,0.0066987
57,0.0059993,0.0066682,0.0066973,0.0073776,0.0073674,0.0078968,0.0076208,0.0078437,0.0080008,0.0080566,0.0082086,0.0083992,0.0086139,0.0088009,0.008695,0.0091206,0.0087044,0.0085937,0.008989,0.0097,0.0085227,0.0088065,0.0089009,0.009901,0.0093943,0.0094028,0.0104381,0.0106011,0.0097896,0.0107021,0.010201,0.0106509,0.0101644,0.010286,0.010499,0.0109448,0.011,0.0106712,0.0102041,0.0112488,0.0103874,0.0114,0.0108536,0.0104786,0.0111011,0.0114011,0.0108842,0.0111033,0.0107015,0.0109448,0.0120988,0.0108738,0.010661,0.0114,0.0109956,0.0114211,0.0110056,0.0113197,0.0108043,0.0114211,0.0114312,0.0118035,0.0112794,0.0115023,0.0114111,0.0111011,0.0106032,0.0113977,0.0115327,0.0109,0.0114011,0.0114517,0.0114966,0.0112488,0.0105799,0.0114011,0.0103367,0.0108967,0.0110664,0.0107927,0.0108011,0.0101442,0.0109346,0.009903,0.0104887,0.0103164,0.010199,0.0103368,0.009802,0.009898,0.0101442,0.0095019,0.0095463,0.0093132,0.0088,0.0096881,0.0085835,0.0078984,0.0083099,0.0069986
58,0.0059081,0.0066378,0.0068972,0.0070128,0.007337,0.0076969,0.0080059,0.0074688,0.0083008,0.0077221,0.0076816,0.0078992,0.0083707,0.0082008,0.0079755,0.0084721,0.0089045,0.0087761,0.0083911,0.0088,0.0092726,0.009374,0.009801,0.0094449,0.0091409,0.009903,0.0093334,0.010401,0.009972,0.009902,0.010001,0.0102556,0.0109042,0.010053,0.010499,0.0099618,0.0106,0.0104888,0.0112045,0.0108941,0.0108333,0.0105,0.0117555,0.0103469,0.0108011,0.0113011,0.0112388,0.0112034,0.0115021,0.0110056,0.0108989,0.0115832,0.0112589,0.0117,0.0110956,0.0107522,0.0112386,0.0108232,0.0117047,0.0113907,0.0114413,0.0118035,0.0116847,0.0118024,0.0115935,0.0117012,0.0110033,0.0114977,0.011178,0.0107,0.0113011,0.0108435,0.0106968,0.0110866,0.0113501,0.0112011,0.0110562,0.0108967,0.0112285,0.0101442,0.0110011,0.0105394,0.0110765,0.0107032,0.0102252,0.0110258,0.010099,0.0104787,0.0104021,0.009898,0.0102354,0.009902,0.0097287,0.0093943,0.0087,0.0088876,0.0086849,0.0085983,0.0082998,0.0070986
59,0.0056649,0.0065365,0.0070972,0.0065061,0.0078133,0.007397,0.007185,0.007712,0.0076008,0.0077728,0.0080059,0.0078992,0.0084011,0.0079008,0.0083606,0.0085227,0.0090045,0.0083707,0.0086444,0.0087,0.0095057,0.0089281,0.009601,0.0089889,0.0099516,0.0094028,0.0093436,0.010001,0.0100024,0.0096019,0.010401,0.0100834,0.0098401,0.010205,0.010499,0.0105901,0.0111,0.010428,0.0109044,0.0103164,0.0111981,0.0109,0.0109144,0.011269,0.0107011,0.0115012,0.0109551,0.0108032,0.011269,0.0111778,0.0115988,0.0109549,0.0109448,0.0116,0.0110956,0.0114109,0.0109752,0.0111981,0.0111044,0.0107927,0.0116744,0.0112034,0.0112084,0.0117023,0.0112997,0.0112011,0.0111033,0.0107978,0.0113909,0.0109,0.0112011,0.0116543,0.0110967,0.0114413,0.0108738,0.0114011,0.011188,0.0109967,0.0116339,0.0109752,0.0106011,0.0113299,0.0113501,0.0111033,0.0105597,0.0103469,0.0105989,0.0101848,0.0108022,0.010098,0.0097996,0.010002,0.0095361,0.0096071,0.0093,0.009303,0.0086443,0.0086983,0.008391,0.0074985
60,0.0051481,0.0057663,0.0063974,0.0063236,0.0064959,0.0067973,0.0073269,0.0075701,0.0072007,0.007712,0.0078032,0.0076992,0.008016,0.0082008,0.0084214,0.0081376,0.0082041,0.0085126,0.0084012,0.0086,0.0088571,0.0088065,0.0090009,0.0093132,0.0092929,0.0093028,0.0092929,0.009601,0.0097693,0.0097019,0.010301,0.0095159,0.0105293,0.0103266,0.010099,0.0101442,0.0105,0.0099112,0.0103041,0.0102252,0.0105901,0.0108,0.0112184,0.0107725,0.0113011,0.0106011,0.0106408,0.0113034,0.0116744,0.0112285,0.0107989,0.0113805,0.0115123,0.0115,0.0114954,0.0116947,0.0107218,0.0111373,0.0115046,0.0111474,0.0116947,0.0118035,0.0113706,0.0113023,0.0113301,0.0114011,0.0117035,0.0115977,0.0119685,0.011,0.0116012,0.0101747,0.0109967,0.0109346,0.0113197,0.0116012,0.0114413,0.0117965,0.0114717,0.0119987,0.0109011,0.0112995,0.0113299,0.0109033,0.0112386,0.0113805,0.0110989,0.0108234,0.0107021,0.0105979,0.0104077,0.0095019,0.0101239,0.0099314,0.0099,0.0099618,0.0096983,0.0088982,0.0085227,0.0075985
61,0.0056244,0.0059791,0.0067973,0.0063844,0.0068607,0.0068972,0.0070229,0.007337,0.0071007,0.0073776,0.0077019,0.0074993,0.0079654,0.0081008,0.0084417,0.0084721,0.0084042,0.0082795,0.0080972,0.0085,0.0084518,0.0085937,0.0089009,0.0090497,0.0092625,0.0091027,0.0094348,0.0093009,0.0092829,0.0094019,0.009901,0.0104381,0.0095969,0.0098503,0.009999,0.0106914,0.0097,0.0113605,0.0105042,0.0105191,0.0104381,0.011,0.0109954,0.0111069,0.0112011,0.0111011,0.0113402,0.0112034,0.0109245,0.0112082,0.0107989,0.0114109,0.0109245,0.0117,0.0115954,0.0111272,0.0116136,0.0107015,0.0111044,0.0112184,0.0111373,0.0112034,0.0116239,0.0112022,0.0114213,0.0117012,0.0111033,0.0118976,0.0111882,0.0112,0.0120012,0.0117253,0.0110967,0.0111677,0.0120494,0.0114011,0.0117859,0.0115965,0.0108941,0.0108333,0.0105011,0.0114413,0.0113501,0.0107032,0.0105597,0.0109042,0.0108989,0.0105091,0.0109022,0.0105979,0.0106711,0.0104021,0.0100834,0.0104279,0.0105,0.0097793,0.0099618,0.0095981,0.0091409,0.0080984
62,0.0052697,0.0057055,0.0058976,0.0061818,0.0066581,0.0067973,0.0070533,0.0070938,0.0070007,0.007337,0.0072256,0.0076992,0.0073168,0.0074007,0.0075397,0.0078741,0.0081041,0.0084721,0.0078945,0.009,0.0086241,0.0087051,0.0086009,0.0087659,0.0088267,0.0093028,0.0093841,0.009601,0.0097389,0.0097019,0.009601,0.0095868,0.0096071,0.0102252,0.010199,0.009982,0.0104,0.0104179,0.0102041,0.0099314,0.0107623,0.0107,0.010884,0.0100732,0.0115012,0.0118012,0.0110463,0.0107032,0.011269,0.0107319,0.0114989,0.0115629,0.0114616,0.0112,0.0109956,0.0113501,0.0115731,0.0111576,0.0116046,0.0105698,0.0110866,0.0119036,0.011178,0.0117023,0.0116341,0.0112011,0.0113034,0.0115977,0.0115226,0.0113,0.0118012,0.0119077,0.0116965,0.0112589,0.0114515,0.0118012,0.0115224,0.0117965,0.011796,0.011644,0.0117012,0.0113603,0.0114515,0.0110033,0.0113299,0.0107927,0.0114989,0.011097,0.0115023,0.0113977,0.0110258,0.0104021,0.0103164,0.0102658,0.01,0.0098908,0.0098401,0.0094981,0.0088065,0.0081984
63,0.0049555,0.0058879,0.0060976,0.0064858,0.0063439,0.0062975,0.006577,0.0064351,0.0066007,0.0071445,0.0074789,0.0075992,0.0076208,0.0077008,0.0078539,0.0075701,0.0077039,0.0077323,0.007854,0.0083,0.0088977,0.0083302,0.0084008,0.0089889,0.008847,0.0091027,0.0088166,0.0090009,0.0092829,0.0095019,0.0087009,0.0095057,0.0098401,0.010286,0.009899,0.0096577,0.0103,0.0106003,0.0106042,0.010053,0.0109954,0.01,0.0108738,0.0106914,0.0111011,0.0112011,0.0109348,0.0109033,0.0112792,0.0116136,0.0107989,0.0110258,0.0112285,0.0112,0.0108956,0.0111069,0.0109549,0.011948,0.0110044,0.0119987,0.0115224,0.0118035,0.0113807,0.0121024,0.0118773,0.0116012,0.0117035,0.0118976,0.0112186,0.0119,0.0118012,0.0115327,0.0116965,0.0116237,0.011644,0.0116012,0.0117149,0.0114966,0.0113907,0.0120088,0.0115012,0.0116643,0.0112285,0.0113034,0.0112995,0.0110765,0.0109989,0.0112186,0.0111022,0.0108978,0.0114819,0.0113023,0.0109042,0.0105799,0.0108,0.0104279,0.0099314,0.010098,0.0093537,0.0085983
64,0.0050062,0.0053406,0.0057977,0.005594,0.006121,0.0064974,0.0069621,0.0069722,0.0067007,0.0068202,0.0079958,0.0072993,0.0074992,0.0075008,0.0074282,0.0073978,0.007904,0.0078843,0.0082999,0.008,0.0084518,0.0086443,0.0082008,0.0088673,0.0087457,0.0086026,0.0091916,0.0093009,0.0093335,0.0093019,0.0090009,0.0091206,0.0102151,0.0097388,0.009599,0.0102455,0.0098,0.0105395,0.0106042,0.0106103,0.0102759,0.0107,0.0111069,0.0110562,0.0109011,0.0112011,0.0109348,0.0114034,0.011269,0.0107927,0.0109989,0.0113907,0.0113501,0.0109,0.0110956,0.0109245,0.0118569,0.0108333,0.0110044,0.0115731,0.0118062,0.0118035,0.0112692,0.0115023,0.0115733,0.0122012,0.0118035,0.0114977,0.0118976,0.012,0.0118012,0.0114922,0.0112966,0.0114312,0.0115021,0.0117012,0.011796,0.0112966,0.0119683,0.0112893,0.0112011,0.0113096,0.011948,0.0117035,0.0115528,0.0112995,0.0114989,0.011249,0.0111022,0.0108978,0.0115528,0.0108022,0.0116136,0.0108232,0.0101,0.0107623,0.010134,0.009798,0.010286,0.0086983
65,0.005138,0.005219,0.0058976,0.0060906,0.0064554,0.0061975,0.0066986,0.0066783,0.0068007,0.0067898,0.007104,0.0068993,0.0075499,0.0073007,0.0076411,0.0077221,0.0074037,0.0076411,0.007702,0.0084,0.0081275,0.008016,0.0090009,0.0080566,0.0087659,0.0090027,0.0084011,0.0090009,0.0092525,0.0091018,0.0094009,0.0094855,0.0089889,0.0097591,0.0094991,0.0098908,0.01,0.0101645,0.0107043,0.0102151,0.0103874,0.0105,0.0104989,0.0106306,0.0105011,0.0107011,0.0111476,0.0113034,0.0109042,0.0117149,0.0113989,0.011117,0.0114616,0.0115,0.0115954,0.0117656,0.0117049,0.0116541,0.0109044,0.0122723,0.0114515,0.0123037,0.0110564,0.0119024,0.0110057,0.0115012,0.0114034,0.0119976,0.0123333,0.012,0.0120012,0.0112997,0.0122963,0.0117251,0.0113603,0.0116012,0.0116643,0.0117965,0.0117453,0.0116136,0.0118012,0.0119075,0.0118366,0.0117035,0.0116744,0.011269,0.0115988,0.0110159,0.0116023,0.0110978,0.0108333,0.0111022,0.0112589,0.0112184,0.0103,0.010661,0.0105495,0.009798,0.0096476,0.0091982
66,0.004763,0.0051886,0.0054978,0.0054217,0.0061108,0.0062975,0.0065263,0.0068405,0.0070007,0.006729,0.0065466,0.0072993,0.0071749,0.0070007,0.0074282,0.0077829,0.0082041,0.0077525,0.0075398,0.008,0.0078032,0.008168,0.0081008,0.0086545,0.0084417,0.0085026,0.0085835,0.0087009,0.0092119,0.0089018,0.009701,0.0097084,0.0094956,0.0100226,0.010099,0.0100935,0.0104,0.0100227,0.0102041,0.0100124,0.0104279,0.0103,0.0105698,0.010286,0.0113011,0.0106011,0.0105091,0.0111033,0.0108637,0.0113299,0.0109989,0.0108637,0.0112589,0.0113,0.0117953,0.0115123,0.0116643,0.0112995,0.0123049,0.0116744,0.0116237,0.0116035,0.0110868,0.0115023,0.0117861,0.0118012,0.0116035,0.0122975,0.0115935,0.0119,0.0115012,0.0119786,0.0119964,0.0123027,0.0121,0.0113011,0.0114717,0.0114966,0.011796,0.0127182,0.0115012,0.0114109,0.0116744,0.0116035,0.0116237,0.0120798,0.0117988,0.0114415,0.0113023,0.0109978,0.0116136,0.0108022,0.0109752,0.0110258,0.0113,0.0109853,0.0106306,0.0102979,0.0097388,0.0095981
67,0.0048238,0.0053609,0.0054978,0.0058473,0.0058169,0.0057977,0.0059689,0.0057865,0.0063006,0.0065567,0.0062527,0.0068993,0.0069215,0.0071007,0.0075701,0.0072458,0.0074037,0.0076208,0.007702,0.0077,0.0077728,0.0082694,0.0081008,0.0083707,0.0083707,0.0088026,0.0083099,0.0087009,0.0092727,0.0091018,0.0088009,0.00983,0.0089078,0.0095361,0.010299,0.0098199,0.0097,0.010347,0.0097039,0.0104077,0.010205,0.0108,0.0111576,0.0109853,0.010101,0.0106011,0.01058,0.0110033,0.010661,0.0114616,0.0112989,0.011188,0.0116035,0.0112,0.0114954,0.0115021,0.0120799,0.0112184,0.0111044,0.0115224,0.0110258,0.0115035,0.0123333,0.0122024,0.0117861,0.0122012,0.0113034,0.0114977,0.0122421,0.0116,0.0120012,0.0115226,0.0121963,0.0120392,0.0122216,0.0121012,0.0125054,0.0124963,0.0121406,0.0121608,0.0118012,0.0119582,0.0115427,0.0118035,0.0119987,0.0117453,0.0113989,0.0115429,0.0117023,0.0112977,0.0118366,0.0112022,0.0117149,0.0110157,0.0114,0.0117758,0.0107218,0.0107978,0.0100631,0.0093981
68,0.0042056,0.0047022,0.004998,0.0057865,0.0059385,0.0058976,0.0063135,0.0065466,0.0067007,0.0064351,0.0069013,0.0068993,0.0067594,0.0073007,0.007408,0.0070634,0.0076038,0.0075296,0.0075094,0.0077,0.0077931,0.0079958,0.0085009,0.0081579,0.0083504,0.0083025,0.0089484,0.0088009,0.008614,0.0088018,0.0093009,0.009222,0.0096273,0.009303,0.010099,0.0098097,0.0099,0.0102861,0.009904,0.0101543,0.010205,0.0102,0.0106813,0.0102759,0.0107011,0.0111011,0.0107423,0.0114034,0.0106914,0.0110056,0.0116988,0.0114008,0.0114109,0.0115,0.0110956,0.0114312,0.0110461,0.011644,0.0114046,0.011644,0.0117758,0.0123037,0.0116442,0.0117023,0.0116746,0.0118012,0.0118035,0.0121976,0.011553,0.0123,0.0112011,0.011928,0.0120964,0.0118771,0.0117758,0.0130013,0.0121203,0.0122963,0.0119582,0.0124142,0.0121012,0.0115832,0.0125561,0.0115035,0.0123939,0.0120088,0.0119988,0.0113301,0.0114023,0.0117976,0.0114008,0.0112022,0.0113096,0.0114819,0.011,0.0111677,0.0107117,0.0106979,0.0104077,0.0093981
69,0.0041955,0.0050974,0.0051979,0.0060399,0.0057663,0.0060976,0.006121,0.0061615,0.0061006,0.006121,0.0065871,0.0068993,0.006425,0.0068007,0.0069013,0.007337,0.0070035,0.0073472,0.0072459,0.0073,0.0076613,0.0077829,0.0079008,0.0083707,0.0086038,0.0079024,0.0082288,0.0083008,0.0086951,0.0090018,0.0087009,0.0095057,0.0096577,0.0093334,0.009699,0.0096273,0.0098,0.0103976,0.0105042,0.0095463,0.0107725,0.0104,0.0095463,0.0101442,0.010001,0.0110011,0.010874,0.0104031,0.010661,0.0112184,0.0108989,0.0108333,0.0112589,0.0111,0.0114954,0.0115629,0.0117049,0.0122825,0.0116046,0.0122216,0.0118366,0.0116035,0.0119178,0.0112022,0.0120192,0.0120012,0.0118035,0.0117976,0.0117861,0.012,0.0121012,0.0123637,0.0126962,0.012475,0.0125865,0.0120012,0.0122622,0.0120964,0.0123433,0.0119683,0.0126013,0.0122521,0.0119075,0.0122037,0.0117251,0.0119582,0.0120988,0.0123131,0.0126025,0.0117976,0.0119886,0.0115023,0.0117048,0.0119886,0.0116,0.0109144,0.0110461,0.0108978,0.0106205,0.0095981
70,0.004459,0.0052697,0.005098,0.0057764,0.0051177,0.005098,0.0057663,0.0057257,0.0062006,0.0060399,0.0060804,0.0068993,0.0066885,0.0066007,0.0069519,0.0067797,0.0069035,0.0070736,0.0073878,0.0075,0.0079755,0.0077829,0.0080008,0.0077019,0.0081174,0.0084025,0.0084011,0.0091009,0.008533,0.0084017,0.0095009,0.0091004,0.0093436,0.0094145,0.009799,0.0091713,0.0098,0.00982,0.009904,0.0101239,0.0100428,0.0109,0.010134,0.0102962,0.0108011,0.010401,0.01058,0.0110033,0.0107623,0.0110258,0.0114989,0.0111981,0.0110258,0.0109,0.0115954,0.0115123,0.0120393,0.0116136,0.0122049,0.0117251,0.0114717,0.0118035,0.0121104,0.0116023,0.0122421,0.0120012,0.0124037,0.0121976,0.0119786,0.0126,0.0116012,0.0122725,0.0125962,0.0118771,0.0119784,0.0126013,0.0127385,0.0118964,0.0125358,0.0126473,0.0127013,0.0120798,0.0124041,0.0115035,0.0123737,0.0124243,0.0121988,0.0115935,0.0126025,0.0118976,0.011644,0.0123025,0.0112184,0.0117352,0.011,0.0116035,0.01134,0.0111978,0.0104583,0.009798
71,0.0041246,0.004915,0.004998,0.0051177,0.0053305,0.0055978,0.0059284,0.0059487,0.0061006,0.0060095,0.0059689,0.0064994,0.0067087,0.0069007,0.0065567,0.0060703,0.0068034,0.0070634,0.0073371,0.0073,0.0070533,0.0076411,0.0073007,0.0079045,0.007337,0.0084025,0.0082288,0.0084008,0.0087154,0.0087017,0.0091009,0.0093334,0.008999,0.0094551,0.009899,0.0092929,0.0099,0.0100024,0.009904,0.0102658,0.0100226,0.0103,0.0106205,0.0107117,0.010101,0.0106011,0.0112186,0.0109033,0.0108333,0.010965,0.0115988,0.0111981,0.0106306,0.0112,0.0109956,0.0112488,0.0123028,0.0116035,0.0118047,0.012627,0.0118366,0.0117035,0.0124347,0.0122024,0.0125259,0.0119012,0.0120036,0.0120976,0.0121509,0.0123,0.0128013,0.0123739,0.0124963,0.0116136,0.0119582,0.0119012,0.0124953,0.0127962,0.0124345,0.0119278,0.0123012,0.0124345,0.0125054,0.0124037,0.0122115,0.0124142,0.0118988,0.0128907,0.0121024,0.0115977,0.0119784,0.0122024,0.0124142,0.0115933,0.0119,0.0114008,0.0108637,0.0112977,0.0110562,0.009998
72,0.0044995,0.0047529,0.0047981,0.004915,0.0050569,0.005098,0.0055231,0.0055839,0.0060006,0.006202,0.0062223,0.0060994,0.006354,0.0065007,0.006577,0.0066581,0.0072036,0.0071242,0.0070635,0.0073,0.0079552,0.0075701,0.0073007,0.0075296,0.0077323,0.0081024,0.0081579,0.0080008,0.0084418,0.0086017,0.0086009,0.0085329,0.0089788,0.0088166,0.0093991,0.009982,0.0094,0.0093538,0.0096038,0.0103266,0.0100732,0.0104,0.0105191,0.0102151,0.0105011,0.010401,0.0109956,0.0110033,0.0109144,0.0111272,0.0113989,0.0116845,0.0110562,0.0111,0.0115954,0.0121102,0.0112488,0.0118467,0.0119048,0.0120696,0.0118467,0.0119036,0.0124955,0.0122024,0.0121712,0.0127013,0.0126038,0.0119976,0.0125259,0.0121,0.0122012,0.0126576,0.0125962,0.0124041,0.0124345,0.0130013,0.0123129,0.0125962,0.0129614,0.0123027,0.0126013,0.0124041,0.012019,0.0121036,0.0123027,0.0119683,0.0124988,0.0123333,0.0123025,0.0120976,0.0125155,0.0122024,0.0110056,0.0119886,0.0123,0.0115933,0.011188,0.0116977,0.0107725,0.009898
73,0.0038104,0.0045603,0.0045982,0.0049657,0.0054825,0.0054978,0.0053204,0.0057156,0.0060006,0.0057967,0.0060703,0.0062994,0.0064351,0.0064006,0.0059588,0.0067087,0.0071036,0.0067087,0.0073777,0.007,0.0076613,0.0073573,0.0074007,0.0076613,0.0077424,0.0085026,0.0077019,0.0081008,0.0086748,0.0087017,0.0091009,0.008239,0.008847,0.0087355,0.0087991,0.0091612,0.0096,0.0092423,0.0095038,0.0092828,0.0100935,0.0105,0.0097287,0.0102151,0.010201,0.0108011,0.0106611,0.0111033,0.0112082,0.0108637,0.0115988,0.0107015,0.0118062,0.011,0.0116953,0.0118062,0.0120799,0.0121203,0.0119048,0.0121203,0.0123939,0.0119036,0.012384,0.0124025,0.0125867,0.0122012,0.0125038,0.0123975,0.0123029,0.0123,0.0124012,0.0128198,0.0123963,0.0124547,0.0128702,0.0124012,0.0131844,0.0126962,0.0130222,0.0121608,0.0128013,0.0126169,0.0122622,0.0120036,0.0122521,0.0126067,0.0124988,0.0115327,0.0121024,0.0123975,0.0122419,0.0122024,0.01285,0.0120088,0.0119,0.0118771,0.0121406,0.0110978,0.0106103,0.010198
74,0.0040029,0.0043171,0.0046981,0.0045603,0.0049657,0.005098,0.0056244,0.0054116,0.0061006,0.005442,0.0060399,0.0062994,0.006121,0.0062006,0.0063743,0.0067797,0.0066033,0.007033,0.0065771,0.0067,0.0070128,0.0075296,0.0073007,0.0075397,0.0076613,0.0074022,0.0075701,0.0081008,0.0085026,0.0079016,0.0085008,0.0084923,0.0090497,0.0089078,0.0091991,0.0097388,0.0097,0.0097997,0.0095038,0.0094956,0.0100428,0.0097,0.0097996,0.0104786,0.0109011,0.010201,0.0103976,0.0107032,0.0109144,0.010509,0.0107989,0.0113197,0.0116541,0.0112,0.0113954,0.011867,0.0123636,0.0122521,0.0117047,0.0119075,0.0120088,0.0112034,0.0123435,0.0126025,0.0119482,0.0129013,0.0126038,0.0122975,0.0114719,0.0129,0.0130013,0.0127691,0.013196,0.0125966,0.0127284,0.0125013,0.0125561,0.0130961,0.0130121,0.0128702,0.0121012,0.0128094,0.0127182,0.0128038,0.0124446,0.0124851,0.0126987,0.0125157,0.0129026,0.0125975,0.012475,0.0124025,0.0122825,0.0123433,0.0121,0.0122318,0.0113501,0.0114977,0.0119582,0.0106979
75,0.0039523,0.0042462,0.0043982,0.0044894,0.005067,0.004898,0.0054521,0.005371,0.0052005,0.0055028,0.0058169,0.0057994,0.0056447,0.0060006,0.0065162,0.0064756,0.0066033,0.0066277,0.0069723,0.0069,0.0070432,0.0071749,0.0073007,0.0072864,0.0070128,0.0075023,0.0082592,0.0081008,0.0080465,0.0087017,0.0082008,0.0083403,0.0083707,0.0087254,0.0086991,0.0085835,0.0092,0.0094349,0.009904,0.0102658,0.009982,0.01,0.0105394,0.0103469,0.0105011,0.009801,0.0102051,0.010103,0.0107725,0.0116035,0.0117988,0.011796,0.0114717,0.0116,0.0113954,0.0114616,0.0113603,0.0117352,0.0123049,0.011867,0.0121406,0.0124037,0.0115023,0.0128026,0.0120293,0.0124012,0.0124037,0.0122975,0.0131744,0.0128,0.0127013,0.0133163,0.0128961,0.0128297,0.0125459,0.0129013,0.0129614,0.013496,0.0123939,0.0129108,0.0129013,0.0128601,0.0133162,0.013304,0.0129209,0.0129311,0.0123988,0.013215,0.0123025,0.0121976,0.0129413,0.0124025,0.0122419,0.0128094,0.0125,0.0119784,0.0119886,0.0112977,0.0114515,0.010098
76,0.0036381,0.0042158,0.0041983,0.0045299,0.0045096,0.0053978,0.00529,0.0053204,0.0053005,0.0058068,0.005746,0.0059994,0.0058575,0.0056006,0.0061919,0.0063946,0.0069035,0.0063439,0.0068406,0.0067,0.006881,0.0074587,0.0071007,0.0073978,0.0079451,0.0078023,0.0080971,0.0080008,0.0076006,0.0085017,0.0082008,0.0085531,0.0085025,0.0089686,0.0090991,0.0088267,0.0089,0.0092727,0.0096038,0.0091612,0.0100124,0.0101,0.009901,0.0102658,0.009601,0.0107011,0.0107321,0.0115035,0.0110461,0.0109752,0.0107989,0.0104178,0.0112184,0.0115,0.0117953,0.0112589,0.0116845,0.011492,0.0116046,0.0123737,0.0121203,0.0121036,0.0118469,0.0124025,0.0123131,0.0121012,0.0122037,0.0127974,0.0125259,0.0132,0.0131013,0.0133467,0.0126962,0.0126878,0.0131134,0.0131013,0.0126574,0.013196,0.0130729,0.0131844,0.0129013,0.0129716,0.0128804,0.0130039,0.0132046,0.0124851,0.0125987,0.0129008,0.0132026,0.0126975,0.0131237,0.0131026,0.0122521,0.0127284,0.0126,0.012627,0.0117149,0.0116977,0.0114312,0.0102979
77,0.0038205,0.0041144,0.0040984,0.0049049,0.0046718,0.0046981,0.0049657,0.0053001,0.0053005,0.0053508,0.0053406,0.0055994,0.005746,0.0058006,0.0057865,0.0060298,0.0068034,0.0066175,0.006719,0.0062,0.0065973,0.0071344,0.0072007,0.0070634,0.0072965,0.0071021,0.0076208,0.0077008,0.0080161,0.0078016,0.0081008,0.0075093,0.0083707,0.0085227,0.0087991,0.0095463,0.0091,0.0093842,0.0091036,0.009982,0.0091814,0.0098,0.0100935,0.0101847,0.010401,0.010201,0.0103976,0.0105032,0.0107218,0.0110258,0.0114989,0.011644,0.0112995,0.0118,0.0116953,0.0116845,0.0113501,0.0113805,0.0116046,0.0125662,0.0116541,0.0123037,0.0121104,0.0124025,0.0126677,0.0124012,0.013204,0.0129974,0.0130528,0.0127,0.0128013,0.0128299,0.0126962,0.0129716,0.0133567,0.0130013,0.0134377,0.0130961,0.0129817,0.0130526,0.0127013,0.0128196,0.0128804,0.0136041,0.0135897,0.0128601,0.0131987,0.0136203,0.0131026,0.0127974,0.0127791,0.0127025,0.012627,0.0132351,0.0131,0.0122926,0.0124243,0.0125975,0.0116035,0.0109978
78,0.0036787,0.0037496,0.0042983,0.0047123,0.0049961,0.0045982,0.0047833,0.0053305,0.0050005,0.0053508,0.0057055,0.0058994,0.0058271,0.0057006,0.0060602,0.0060906,0.0055028,0.0064756,0.0065974,0.0062,0.0072458,0.0068709,0.0072007,0.0074992,0.0074789,0.0074022,0.0072357,0.0072007,0.0074993,0.0081016,0.0083008,0.0081072,0.007935,0.0087761,0.0087991,0.0089686,0.0089,0.0096072,0.0094038,0.0102354,0.009151,0.0098,0.0098401,0.0101543,0.009701,0.010001,0.0102456,0.0106032,0.0108434,0.0110765,0.0105989,0.0106002,0.0111576,0.0114,0.0113954,0.0115528,0.0114717,0.0121203,0.0119048,0.0120291,0.0125662,0.0121036,0.0119989,0.0121024,0.0127184,0.0121012,0.0125038,0.0124975,0.012911,0.0137,0.0126013,0.0127387,0.0127962,0.013083,0.013914,0.0129013,0.0136404,0.0127962,0.0128804,0.0138127,0.0130013,0.0131134,0.0132554,0.0135041,0.0132452,0.0129108,0.0134986,0.0134481,0.0130026,0.0127974,0.0137216,0.0133027,0.0134784,0.0131337,0.0128,0.0128601,0.0125967,0.0113977,0.0120798,0.0112977
79,0.0035064,0.0036989,0.0042983,0.004611,0.0042664,0.0044982,0.0045705,0.0051684,0.0053005,0.0049555,0.005138,0.0052995,0.0056548,0.0057006,0.0059689,0.006121,0.0061031,0.0059892,0.0061312,0.0067,0.0064655,0.006881,0.0068007,0.0064351,0.0073269,0.0071021,0.0074688,0.0076008,0.0076614,0.0074015,0.0081008,0.0082187,0.0083808,0.0084011,0.0087991,0.0092321,0.0092,0.0094248,0.0087035,0.0091814,0.0093841,0.0099,0.0098604,0.0095767,0.010101,0.010101,0.0100328,0.0103031,0.0103975,0.0107826,0.0107989,0.0105799,0.0116237,0.0111,0.0114954,0.0117555,0.0123231,0.0119075,0.0120048,0.0123129,0.0119176,0.0126038,0.0126677,0.0128026,0.0126069,0.0125013,0.0128038,0.0120976,0.0127691,0.0133,0.0132013,0.0130224,0.013496,0.0126675,0.0129513,0.0134013,0.0131337,0.013296,0.0131033,0.0137924,0.0137014,0.0133972,0.0132554,0.0136041,0.013306,0.0143499,0.0136986,0.0130022,0.0136027,0.0136973,0.013225,0.0131026,0.0136709,0.0131337,0.0135,0.0132148,0.0124446,0.0117976,0.0120088,0.0113977
80,0.0036381,0.0037496,0.0036985,0.004459,0.0041651,0.0046981,0.0045603,0.0045198,0.0047005,0.0048441,0.0054825,0.0049995,0.0050265,0.0057006,0.0058271,0.0056143,0.0057029,0.0058271,0.0060907,0.0059,0.0068101,0.0066378,0.0068007,0.0063642,0.0068506,0.0071021,0.007104,0.0074007,0.0077121,0.0076015,0.0079008,0.0078437,0.0079045,0.0085633,0.0077992,0.0087355,0.0093,0.0088978,0.0095038,0.0090294,0.0088673,0.0102,0.0096881,0.0096476,0.009901,0.009901,0.0104686,0.010103,0.0104583,0.0110461,0.0109989,0.0112082,0.011492,0.0109,0.0109956,0.0114109,0.0119177,0.0113603,0.0114046,0.0116136,0.0119379,0.0121036,0.0125056,0.0124025,0.0121712,0.0131013,0.0125038,0.0127974,0.012759,0.0125,0.0137014,0.0135494,0.0136959,0.0138939,0.0135087,0.0130013,0.0136607,0.0135959,0.0136708,0.0132148,0.0141014,0.0141471,0.0139445,0.0145044,0.0137823,0.0138635,0.0139986,0.0139041,0.0138028,0.0136973,0.0139344,0.0144029,0.0137925,0.0131236,0.0135,0.0136809,0.0130223,0.0124975,0.012323,0.0112977
81,0.0033442,0.0036888,0.0038984,0.0043678,0.0043779,0.0043982,0.0043678,0.004459,0.0049005,0.0048035,0.0049454,0.0050995,0.0051177,0.0057006,0.0056041,0.0056953,0.005903,0.0056345,0.0059792,0.006,0.0060399,0.0063844,0.0065007,0.0066783,0.0071952,0.0072022,0.0067087,0.0075008,0.0071446,0.0071014,0.0081008,0.0077221,0.0080059,0.0081275,0.0087991,0.008391,0.0084,0.0087458,0.0087035,0.0093132,0.0093436,0.0098,0.0092726,0.0102556,0.009901,0.010001,0.0106408,0.0107032,0.0107421,0.0102658,0.010199,0.0113907,0.0114819,0.0116,0.0113954,0.0110258,0.0114616,0.0122825,0.0119048,0.0119582,0.0120088,0.0122037,0.0122827,0.0134027,0.0121813,0.0126013,0.0127038,0.0126975,0.012759,0.0131,0.0131013,0.0132454,0.0128961,0.0134175,0.0131844,0.0136014,0.0140356,0.0136959,0.0133263,0.0137012,0.0139014,0.014664,0.0135493,0.0141042,0.0135492,0.0140256,0.0144985,0.0139345,0.0144029,0.0136973,0.0141573,0.0136027,0.0135594,0.0136911,0.014,0.0133769,0.0133365,0.0132973,0.0124345,0.0110978
82,0.0033037,0.0034557,0.0040984,0.0036584,0.0042968,0.0041983,0.0047529,0.0050163,0.0047005,0.0048947,0.0049555,0.0045995,0.0054825,0.0051005,0.0056649,0.0053001,0.0055028,0.0055028,0.0058981,0.0061,0.0059183,0.0062932,0.0067007,0.0061716,0.0071952,0.006602,0.007408,0.0069007,0.0072358,0.0072014,0.0076008,0.0072357,0.0076816,0.0085633,0.0084992,0.0087963,0.0088,0.0092727,0.0088035,0.0088977,0.0095767,0.0092,0.0100023,0.0091612,0.010101,0.0094009,0.0102963,0.0102031,0.0109245,0.0099415,0.0109989,0.0111677,0.0107623,0.0116,0.0111955,0.0110765,0.0113805,0.0113299,0.0113045,0.0112386,0.012475,0.0122037,0.012911,0.0118024,0.0128502,0.0128013,0.0122037,0.0131974,0.0128603,0.0128,0.0135013,0.012911,0.0128961,0.0135593,0.0138127,0.0143014,0.0147045,0.0129961,0.0137114,0.0132857,0.0136014,0.014593,0.013904,0.0142043,0.0141572,0.0141269,0.0146985,0.0143297,0.0138028,0.0145971,0.0144614,0.015003,0.0140357,0.0140559,0.0143,0.0133364,0.0139952,0.0130974,0.0125155,0.0121976
83,0.0030706,0.0036888,0.0037985,0.0038205,0.0042867,0.0041983,0.0040333,0.0041043,0.0045005,0.0045907,0.0047529,0.0052995,0.0047934,0.0054005,0.0053001,0.0054217,0.0055028,0.0056041,0.0058272,0.0058,0.0061108,0.0062324,0.0063006,0.006577,0.0065567,0.006802,0.007185,0.0071007,0.006719,0.0074015,0.0079008,0.0074587,0.0076917,0.0081579,0.0083992,0.0080363,0.0082,0.0081985,0.0089036,0.0089686,0.0086849,0.009,0.0093841,0.0095969,0.010001,0.009701,0.0103064,0.0097029,0.0107927,0.010286,0.0109989,0.0115325,0.0107421,0.0112,0.0110956,0.0113603,0.0110866,0.0114211,0.012405,0.0120798,0.0118771,0.0122037,0.0126373,0.0124025,0.0125563,0.0132013,0.0136041,0.0128974,0.0137116,0.0133,0.0132013,0.0132859,0.0137959,0.0134175,0.0137722,0.0140014,0.014289,0.0139958,0.0134783,0.0139748,0.0137014,0.0137316,0.0142384,0.0146044,0.0153532,0.0138939,0.0143986,0.0142689,0.0143029,0.0145971,0.0146539,0.0144029,0.0137013,0.0147755,0.0135,0.0137722,0.0134378,0.0136973,0.0131337,0.0121976
84,0.0028375,0.0033848,0.0034986,0.0035773,0.0039421,0.0040984,0.0043779,0.0040536,0.0050005,0.0044286,0.0045502,0.0048995,0.0045198,0.0050005,0.0049859,0.0053508,0.0054027,0.0057257,0.0061616,0.0055,0.0058271,0.0057967,0.0061006,0.0060095,0.0060602,0.006602,0.0064148,0.0069007,0.0072155,0.0071014,0.0071007,0.0073978,0.0079654,0.0079654,0.0071993,0.0079248,0.0084,0.0083708,0.0089036,0.0086747,0.0089382,0.0087,0.0094247,0.0098503,0.009901,0.009501,0.010276,0.0098029,0.0101138,0.0104685,0.009799,0.0105495,0.0111778,0.0108,0.0110956,0.0115528,0.0117453,0.0118467,0.0120048,0.0114413,0.011948,0.0119036,0.0119482,0.0125025,0.0125563,0.0132013,0.013304,0.0129974,0.0142588,0.0132,0.0138014,0.0131238,0.0137959,0.0144512,0.0136708,0.0139014,0.01361,0.0137959,0.014583,0.0144511,0.0134013,0.0150794,0.014431,0.0149045,0.0144917,0.0149377,0.0147985,0.0153634,0.014903,0.0152969,0.0141269,0.0143029,0.0145424,0.0152822,0.0149,0.0147249,0.0138027,0.0139972,0.013306,0.0123975
85,0.003253,0.0035064,0.0034986,0.0036989,0.0037901,0.0040984,0.0038509,0.0045096,0.0041004,0.0044792,0.0050569,0.0046995,0.0047934,0.0049005,0.0051177,0.0046515,0.0050025,0.005138,0.005209,0.0058,0.0054116,0.005898,0.0062006,0.0061716,0.006202,0.006602,0.0066682,0.0068007,0.0070838,0.0078016,0.0074007,0.0083808,0.0073472,0.0079654,0.0078992,0.0077931,0.0086,0.0083607,0.0084034,0.0088166,0.0090902,0.0092,0.0090902,0.009303,0.0094009,0.009801,0.0095869,0.0093028,0.0101442,0.0095463,0.010399,0.0107522,0.0102556,0.0105,0.0111955,0.0115933,0.0111069,0.0115731,0.0117047,0.0116643,0.012171,0.0120036,0.0121914,0.0121024,0.0121813,0.0130013,0.0126038,0.0135973,0.0125765,0.0132,0.0137014,0.0137926,0.0139958,0.0134479,0.0141269,0.0138014,0.0137114,0.0144957,0.0136911,0.0148667,0.0144014,0.0148565,0.0155761,0.0144043,0.0146438,0.0144208,0.0149985,0.0154343,0.015003,0.0155969,0.0153329,0.0153031,0.0146945,0.0146539,0.0146,0.0149377,0.0145627,0.0142971,0.0144614,0.0122975
86,0.0030605,0.0032429,0.0032987,0.003557,0.0037901,0.0037985,0.0040739,0.0040131,0.0045005,0.0044894,0.0044387,0.0045995,0.0048035,0.0044004,0.0049555,0.0051684,0.0047024,0.0054622,0.0057461,0.0056,0.005219,0.0055839,0.0059006,0.0056649,0.0065061,0.006602,0.0064554,0.0065006,0.0069318,0.0072014,0.0074007,0.0072661,0.007337,0.0071242,0.0078992,0.0077525,0.008,0.0077324,0.0087035,0.0081984,0.0086342,0.0093,0.0087254,0.0089889,0.0090009,0.009501,0.0098808,0.0102031,0.0101239,0.0101138,0.010499,0.00983,0.0106509,0.0108,0.0105958,0.0114312,0.0107725,0.0117352,0.0121048,0.0117758,0.0116541,0.0116035,0.0128096,0.0121024,0.0132961,0.0122012,0.0130039,0.0125975,0.0127184,0.0135,0.0132013,0.0138534,0.013396,0.0135897,0.0132046,0.0140014,0.0148058,0.0141957,0.0142586,0.0148465,0.0149015,0.014968,0.0138533,0.0154046,0.0144411,0.0152113,0.0160984,0.0160424,0.0159032,0.0153969,0.015566,0.0153031,0.0151708,0.0160727,0.0158,0.0145525,0.0153025,0.015197,0.0143803,0.0132973
87,0.0030909,0.003101,0.0029988,0.0038104,0.0034861,0.0036985,0.0040333,0.0038104,0.0042004,0.0039827,0.0041144,0.0042996,0.0044286,0.0052005,0.0047022,0.0047833,0.0049025,0.0053305,0.0055434,0.0053,0.0054926,0.005594,0.0056006,0.0059487,0.0061108,0.0064019,0.0065871,0.0068007,0.0070838,0.0068014,0.0070007,0.0067391,0.0072458,0.0073472,0.0074993,0.0079856,0.0075,0.0081985,0.0079032,0.0085025,0.009222,0.009,0.0088876,0.00907,0.009501,0.010001,0.0094957,0.0093028,0.0100631,0.0099618,0.009899,0.0106306,0.0101948,0.0113,0.0111955,0.0107927,0.0112082,0.0117758,0.0110044,0.0118163,0.0121203,0.0120036,0.0126272,0.0120024,0.0127792,0.0133013,0.0122037,0.0128974,0.0130731,0.0132,0.0135013,0.0140561,0.0130961,0.0134479,0.0135999,0.0145014,0.0146234,0.0147956,0.0150187,0.0148262,0.0149015,0.0149984,0.0153633,0.0147044,0.0152417,0.0154545,0.0152985,0.0154141,0.0153031,0.0155969,0.0160321,0.015203,0.0161842,0.0167213,0.0159,0.0145119,0.0150694,0.014997,0.0145019,0.0134973
88,0.0026348,0.0031213,0.0031987,0.003557,0.0033341,0.0035986,0.0039219,0.0039117,0.0041004,0.0039421,0.0039928,0.0041996,0.0046515,0.0045005,0.0044894,0.0048643,0.0050025,0.0049657,0.0051077,0.0051,0.0050468,0.0053406,0.0055006,0.0058068,0.0059993,0.006602,0.0063743,0.0061006,0.0065568,0.0069014,0.0071007,0.006729,0.0072864,0.0070229,0.0072993,0.0073877,0.0083,0.0081681,0.0080032,0.0085025,0.0087051,0.0088,0.0088369,0.008391,0.0088009,0.0094009,0.0096781,0.0092028,0.0094449,0.0096375,0.010299,0.0100935,0.0107218,0.0103,0.0115954,0.0104685,0.0112488,0.0114211,0.0117047,0.010965,0.011796,0.0118035,0.0114415,0.0119024,0.0124853,0.0128013,0.0126038,0.0132973,0.0133771,0.0136,0.0133013,0.0136406,0.013396,0.0136911,0.0138026,0.0150015,0.0148161,0.0147956,0.0148769,0.0144511,0.0152015,0.0149882,0.0149579,0.0152046,0.0156977,0.0154646,0.0161984,0.0162653,0.0159032,0.0167966,0.0162652,0.0161032,0.0162348,0.0157484,0.0165,0.0161132,0.0161234,0.0161968,0.0149681,0.0145971
89,0.0031213,0.0028882,0.0026989,0.0034152,0.0036077,0.0035986,0.0033848,0.0041347,0.0039004,0.0040739,0.0039827,0.0039996,0.0042158,0.0048005,0.0043678,0.0048745,0.0053027,0.0046617,0.005209,0.0053,0.0054014,0.0053204,0.0053005,0.0057561,0.0056143,0.0059018,0.0063135,0.0063006,0.0063035,0.0069014,0.0071007,0.0069317,0.0072256,0.0071546,0.0067993,0.0070837,0.0078,0.007327,0.007603,0.0080059,0.007712,0.0086,0.0084011,0.0087355,0.0093009,0.0092009,0.0087863,0.009903,0.0095868,0.00983,0.009999,0.0100732,0.0106407,0.0103,0.0108956,0.0105799,0.0105495,0.0108029,0.0110044,0.0114008,0.0116136,0.0120036,0.0117455,0.0117023,0.0126171,0.0127013,0.0126038,0.0129974,0.0129211,0.0125,0.0134013,0.0141372,0.0135959,0.0134681,0.0133263,0.0138014,0.014289,0.0146956,0.015262,0.0152214,0.0152015,0.0153835,0.015495,0.0159048,0.0160321,0.0160625,0.0161984,0.0166606,0.0167033,0.0164967,0.0160017,0.0173035,0.0172786,0.0168125,0.0169,0.016853,0.0166605,0.0161968,0.0160727,0.015197
90,0.0023815,0.0027261,0.0028988,0.0032226,0.003101,0.0033986,0.0035165,0.0035874,0.0036004,0.0037091,0.0039016,0.0038996,0.0042766,0.0044004,0.004611,0.0042259,0.0045023,0.0047022,0.0047428,0.0052,0.0048035,0.0055737,0.0052005,0.0056345,0.0054724,0.0057017,0.0061514,0.0060006,0.0060907,0.0062012,0.0065006,0.0068709,0.0065466,0.0074181,0.0070993,0.007256,0.0074,0.0076513,0.0077031,0.0079552,0.0085126,0.0078,0.0083606,0.0087457,0.0084008,0.0088009,0.0092626,0.0090027,0.0094145,0.0091916,0.009699,0.0097996,0.0100124,0.0103,0.0102959,0.0101442,0.0107725,0.011269,0.0108043,0.0110765,0.0116136,0.0121036,0.0118672,0.0122024,0.013063,0.0125013,0.0130039,0.0126975,0.0126373,0.0133,0.0135013,0.0143196,0.0138958,0.0138127,0.0146539,0.0142014,0.0148667,0.0145956,0.0146742,0.0144917,0.0157016,0.0156571,0.0158193,0.0156047,0.0162348,0.0164679,0.0165983,0.0165592,0.0168034,0.0174965,0.0174306,0.0173035,0.0177347,0.0171266,0.0174,0.0180894,0.0170354,0.0173965,0.0164882,0.0153969
91,0.002341,0.0027666,0.0029988,0.0029997,0.0031314,0.0033986,0.0035165,0.0034658,0.0036004,0.0040435,0.0041347,0.0036996,0.0040536,0.0040004,0.0040131,0.0048137,0.0043022,0.00454,0.0046212,0.0049,0.0049758,0.0050873,0.0052005,0.0053204,0.0055231,0.0058017,0.00529,0.0057006,0.0057664,0.0058012,0.0062006,0.0069215,0.0064554,0.006202,0.0066993,0.0069418,0.0074,0.0071953,0.007603,0.0080363,0.0081883,0.0081,0.0083099,0.0082694,0.0089009,0.0085009,0.009141,0.0092028,0.0091409,0.0093436,0.009699,0.0096273,0.0094145,0.0105,0.0106957,0.0101442,0.010286,0.0112184,0.0106042,0.0118568,0.0115629,0.0115035,0.0118165,0.0119024,0.011928,0.0119012,0.013204,0.0125975,0.0125968,0.0132,0.0130013,0.014725,0.0140958,0.0140357,0.014583,0.0143014,0.0143802,0.0140958,0.0154748,0.0155052,0.0156016,0.0154544,0.0165186,0.0164049,0.0168834,0.0164578,0.0165983,0.016772,0.0179036,0.0173965,0.0175117,0.0184037,0.0178968,0.0179069,0.0181,0.0178259,0.0173597,0.0172965,0.0180792,0.0167966
92,0.0023106,0.0028882,0.0028988,0.0032024,0.0029997,0.0032987,0.0033848,0.0034456,0.0035004,0.0035266,0.0040333,0.0037996,0.0033645,0.0039004,0.0039624,0.003932,0.0046023,0.0042563,0.0045097,0.0047,0.0046313,0.0050468,0.0049005,0.0050265,0.0054622,0.0054016,0.0055231,0.0054005,0.0060096,0.0060012,0.0059006,0.0064047,0.0062932,0.0066378,0.0067993,0.007104,0.0075,0.006871,0.0077031,0.0075701,0.007712,0.0076,0.0076715,0.0079147,0.0084008,0.0083008,0.0090802,0.0086026,0.0091612,0.0090801,0.0090991,0.0092625,0.0090396,0.01,0.009996,0.0101543,0.0097692,0.0105394,0.0104042,0.0110056,0.0107421,0.0112034,0.0117151,0.0113023,0.012009,0.0127013,0.0124037,0.0125975,0.0128907,0.014,0.0127013,0.0130528,0.013496,0.0136809,0.0148059,0.0148015,0.0142586,0.0146956,0.015566,0.0155862,0.0161016,0.0156977,0.0156876,0.016705,0.017076,0.0167821,0.0178982,0.0174105,0.0173035,0.0185963,0.0184238,0.0193039,0.0191838,0.0196399,0.0191,0.018667,0.0191129,0.0178964,0.0191534,0.0184963
93,0.0024828,0.002645,0.0027989,0.002949,0.0030909,0.0035986,0.0030503,0.0036381,0.0035004,0.0033037,0.0034253,0.0032997,0.0037293,0.0038004,0.0040029,0.0038712,0.0041021,0.0044894,0.0043881,0.0045,0.0041854,0.0046313,0.0046005,0.0050873,0.0047123,0.0051015,0.0055636,0.0055005,0.0057866,0.0056011,0.0059006,0.0063844,0.0063642,0.0064047,0.0066993,0.0063338,0.0069,0.006719,0.0069028,0.0075499,0.0075701,0.008,0.0077728,0.0078336,0.0078008,0.0076008,0.0084316,0.0087026,0.008695,0.0090598,0.009699,0.0092828,0.0098503,0.0092,0.009896,0.0100327,0.0103164,0.0103164,0.0105042,0.0101442,0.0106711,0.0103031,0.011097,0.0117023,0.0112894,0.0113011,0.0117035,0.0125975,0.0126779,0.0134,0.0129013,0.0137521,0.0141957,0.0142992,0.0142688,0.0143014,0.014887,0.0154954,0.0152924,0.0155153,0.0152015,0.0164578,0.0158801,0.0170051,0.0167213,0.0176536,0.0174982,0.0181909,0.0190038,0.0188962,0.0186873,0.0195039,0.0205621,0.0195791,0.0201,0.0194879,0.0201263,0.0204959,0.0195081,0.0192961
94,0.0023916,0.0023612,0.002499,0.0027666,0.0031213,0.0031987,0.0030301,0.0032429,0.0031003,0.0036888,0.0033746,0.0035996,0.0031922,0.0034003,0.0034861,0.004084,0.004002,0.0045096,0.0043273,0.0042,0.0044995,0.0049049,0.0049005,0.0046617,0.0047225,0.0052016,0.0052089,0.0054005,0.0056752,0.0062012,0.0059006,0.0056447,0.0064756,0.0063135,0.0064994,0.0065871,0.0068,0.0069419,0.0071028,0.0070128,0.0072762,0.0077,0.0070128,0.0076917,0.0080008,0.0079008,0.0079756,0.0081024,0.0081478,0.0087862,0.0090991,0.0092929,0.0089788,0.0097,0.0091963,0.0098401,0.0096172,0.0098401,0.0108043,0.0105293,0.0111373,0.0104031,0.0116847,0.0115023,0.0114415,0.0119012,0.0120036,0.0118976,0.012536,0.0126,0.0125013,0.0131542,0.0136959,0.0137418,0.0139647,0.0137014,0.0145018,0.0144957,0.015495,0.0158396,0.0158016,0.0161335,0.0165186,0.0172052,0.0169746,0.0174914,0.0178982,0.0184544,0.0189038,0.0189962,0.0188798,0.0204041,0.0205621,0.0201567,0.0215,0.0213728,0.0217781,0.0214957,0.0210586,0.0205959
95,0.0021687,0.0027362,0.002599,0.0027767,0.0031922,0.0026989,0.0029997,0.0031922,0.0035004,0.0031314,0.0032226,0.0033997,0.0038509,0.0037004,0.0038509,0.0040637,0.003902,0.0041144,0.0040638,0.0042,0.0041144,0.0044083,0.0046005,0.004388,0.0044792,0.0050015,0.0046211,0.0047005,0.0054218,0.0057011,0.0052005,0.0057257,0.0062223,0.005219,0.0059994,0.0063135,0.0067,0.0065163,0.0072029,0.0071242,0.0066277,0.0068,0.0073269,0.0077931,0.0074007,0.0075008,0.0071851,0.0084025,0.0087355,0.0085025,0.0090991,0.0079147,0.0083099,0.0088,0.0092963,0.0098401,0.0092929,0.0088065,0.0102041,0.010053,0.0104786,0.0102031,0.0108842,0.0111022,0.0110462,0.0114011,0.0119036,0.0120976,0.0118064,0.0122,0.0126013,0.0127083,0.0136959,0.0140357,0.0137316,0.0140014,0.0138836,0.0151954,0.0158497,0.0157991,0.0159016,0.0166098,0.01587,0.0176053,0.0175624,0.0181198,0.0182982,0.0195691,0.0187037,0.0190962,0.0208053,0.0213043,0.0213221,0.0221835,0.0221,0.0230145,0.0231665,0.0239952,0.0230348,0.0224955
96,0.002422,0.0024018,0.0026989,0.0026348,0.0026754,0.0026989,0.0032733,0.0029997,0.0030003,0.0030807,0.0031314,0.0031997,0.0031314,0.0032003,0.0034456,0.0036584,0.0037019,0.0036381,0.0042057,0.0037,0.0037091,0.004084,0.0043004,0.0043982,0.0044083,0.0048014,0.0049251,0.0048005,0.0050975,0.0055011,0.0054005,0.0050569,0.006354,0.0058879,0.0058994,0.0054116,0.0064,0.0064048,0.0061024,0.0065973,0.0064351,0.0065,0.0066682,0.0070938,0.0075008,0.0073007,0.0072561,0.0079024,0.008168,0.0077728,0.0079992,0.0081478,0.008918,0.0081,0.0087965,0.0084923,0.0092726,0.0090902,0.009904,0.0094145,0.0095767,0.010003,0.0096781,0.0105021,0.0109043,0.0108011,0.0108032,0.0112977,0.0125056,0.0118,0.0121012,0.012536,0.0130961,0.0133769,0.0143195,0.0144014,0.0152924,0.0144957,0.0150593,0.0150187,0.0161016,0.0158496,0.0175218,0.0170051,0.0176333,0.0184744,0.0190981,0.0192651,0.020004,0.0203959,0.0210586,0.0222044,0.0225483,0.0231868,0.0238,0.0247271,0.025244,0.0260948,0.0264195,0.0263947
97,0.0021383,0.0022903,0.002399,0.002422,0.0026855,0.0027989,0.0027058,0.0026551,0.0030003,0.0029287,0.0024727,0.0030997,0.0033848,0.0035004,0.0036077,0.0031922,0.0037019,0.0037192,0.0038105,0.0038,0.0035773,0.0041347,0.0041004,0.0046009,0.0043475,0.0041012,0.0044792,0.0046005,0.0045199,0.004901,0.0050005,0.0050772,0.0053508,0.0053812,0.0053995,0.0057561,0.0062,0.0059792,0.0062025,0.0059689,0.0062932,0.0069,0.0064756,0.0064452,0.0073007,0.0068007,0.0070129,0.0069021,0.0077221,0.0080059,0.0080992,0.0077424,0.0077525,0.0081,0.0082967,0.0087659,0.0087659,0.0086139,0.0091036,0.0091713,0.009678,0.0095029,0.0100125,0.0097019,0.0103064,0.0107011,0.0105032,0.0111978,0.0114415,0.0121,0.0120012,0.0119685,0.0127962,0.0136201,0.0135999,0.0139014,0.0140762,0.0148955,0.0152417,0.0153329,0.0158016,0.0162652,0.0165287,0.0171051,0.0172584,0.0186569,0.0184982,0.0200556,0.0203041,0.0213957,0.0223152,0.0237047,0.0229942,0.024717,0.0252,0.0266729,0.0271897,0.0281944,0.0297739,0.0307938
98,0.0020167,0.0020572,0.002499,0.0024626,0.0023714,0.002599,0.0027058,0.0025943,0.0026003,0.0027058,0.0029591,0.0026997,0.0030706,0.0031003,0.0028375,0.0027869,0.0030015,0.0032834,0.0033442,0.0032,0.0037192,0.0038104,0.0034003,0.0035165,0.0040029,0.0041012,0.0047022,0.0044004,0.0047226,0.0043009,0.0047005,0.0046515,0.0046515,0.0050468,0.0052995,0.0051886,0.0054,0.0056549,0.0058023,0.0055636,0.0056751,0.0058,0.0062426,0.0060399,0.0063006,0.0065007,0.0063744,0.006502,0.0069722,0.0071648,0.0066993,0.0079856,0.0079045,0.0077,0.0079968,0.0081579,0.0080667,0.0083808,0.0090036,0.0087051,0.0090396,0.0092028,0.0095869,0.0095019,0.0095464,0.010401,0.0104031,0.0114977,0.0113402,0.0114,0.0113011,0.0119685,0.0125962,0.0126979,0.0133972,0.0126013,0.0133769,0.0143957,0.0146945,0.0147654,0.0160016,0.0156775,0.0165287,0.0175053,0.0175016,0.0177651,0.0189981,0.0197515,0.0207041,0.0216957,0.023582,0.0247049,0.025244,0.0274836,0.028,0.0303211,0.0304529,0.0328934,0.0345673,0.0352929
99,0.002341,0.0020876,0.0021991,0.0022802,0.0023207,0.0021991,0.00227,0.0024322,0.0027003,0.0023004,0.0024626,0.0024997,0.0028477,0.0027003,0.0028679,0.0027869,0.0030015,0.0030098,0.0028983,0.0029,0.0032328,0.0033544,0.0035004,0.0035672,0.003628,0.0038011,0.0036888,0.0040004,0.0038612,0.0041008,0.0043004,0.0042158,0.0047529,0.0049454,0.0048995,0.0045907,0.005,0.0056144,0.0052021,0.0053102,0.0052494,0.0055,0.0059689,0.0057865,0.0055006,0.0060006,0.0065771,0.0064019,0.0065567,0.0066074,0.0064994,0.0067189,0.0069519,0.0069,0.0069972,0.0071648,0.0075397,0.0075701,0.0082033,0.0076917,0.0078235,0.0088026,0.0082897,0.0087017,0.0089282,0.0089009,0.0089027,0.009798,0.0100429,0.0103,0.010401,0.0108841,0.0108967,0.0115123,0.0120088,0.0122012,0.0125459,0.013296,0.0138026,0.0136505,0.0145015,0.0154139,0.0159815,0.016805,0.0166199,0.0177144,0.0189981,0.0208156,0.0219044,0.0227954,0.0236023,0.0247049,0.0272911,0.0282133,0.0315,0.0330168,0.0373035,0.0385923,0.0427962,0.0504899
100,0.0021281,0.0020775,0.0017993,0.0018647,0.0020167,0.0018992,0.0020369,0.0021687,0.0019002,0.0020977,0.0022498,0.0021998,0.0023612,0.0025003,0.0023714,0.0022396,0.0024012,0.0022599,0.0025842,0.0027,0.0029085,0.002797,0.0029003,0.0030605,0.0030098,0.0035011,0.0035773,0.0033003,0.0034861,0.0032006,0.0035004,0.0036483,0.0040333,0.0037395,0.0041996,0.0038611,0.0044,0.0047124,0.0041016,0.0047731,0.0048542,0.0047,0.0046211,0.0049859,0.0050005,0.0049005,0.0049151,0.0053016,0.0056751,0.0054014,0.0048995,0.0059284,0.0059689,0.006,0.0058976,0.0065669,0.0066986,0.0066175,0.0066026,0.0064351,0.006881,0.0071021,0.0074081,0.0074015,0.0075297,0.0076008,0.0081024,0.0081984,0.0078236,0.0088,0.0088009,0.009293,0.0093972,0.0096679,0.0101138,0.010101,0.0108536,0.0114966,0.0121608,0.0119075,0.0130013,0.0134783,0.014431,0.0144043,0.0149782,0.0166098,0.0171983,0.0184037,0.019804,0.019996,0.0226598,0.024905,0.0282842,0.0296016,0.0339,0.0369691,0.0439211,0.0496901,0.0618888,0.0964807
