state,age_band,income_tier,n_units,n_adults,year
AK,18_25,neg_zero,11953,11953,2019
AK,18_25,1_10k,21225,21225,2019
AK,18_25,10_25k,3566,4300,2019
AK,26_34,neg_zero,2568,2568,2019
AK,26_34,1_10k,9180,9315,2019
AK,26_34,10_25k,1281,1703,2019
AK,35_44,neg_zero,2107,2107,2019
AK,35_44,1_10k,7373,7404,2019
AK,35_44,10_25k,2268,3015,2019
AK,45_54,neg_zero,2922,3463,2019
AK,45_54,1_10k,5221,5519,2019
AK,45_54,10_25k,1205,1696,2019
AK,55_64,neg_zero,733,733,2019
AK,55_64,1_10k,6055,6224,2019
AK,55_64,10_25k,2028,2496,2019
AK,65_74,neg_zero,412,412,2019
AK,65_74,1_10k,1347,1533,2019
AK,65_74,10_25k,4168,6207,2019
AK,75p,neg_zero,538,538,2019
AK,75p,1_10k,939,968,2019
AK,75p,10_25k,848,1194,2019
AL,18_25,neg_zero,148384,148384,2019
AL,18_25,1_10k,123992,124543,2019
AL,18_25,10_25k,36951,38969,2019
AL,26_34,neg_zero,41773,41812,2019
AL,26_34,1_10k,53976,55066,2019
AL,26_34,10_25k,34183,41126,2019
AL,35_44,neg_zero,31447,32040,2019
AL,35_44,1_10k,50885,52902,2019
AL,35_44,10_25k,32470,41199,2019
AL,45_54,neg_zero,33292,34996,2019
AL,45_54,1_10k,43566,47108,2019
AL,45_54,10_25k,25948,34384,2019
AL,55_64,neg_zero,22146,23055,2019
AL,55_64,1_10k,52968,56982,2019
AL,55_64,10_25k,32777,44727,2019
AL,65_74,neg_zero,8555,9294,2019
AL,65_74,1_10k,33136,34738,2019
AL,65_74,10_25k,27064,39862,2019
AL,75p,neg_zero,7672,8566,2019
AL,75p,1_10k,32199,33567,2019
AL,75p,10_25k,21132,29776,2019
AR,18_25,neg_zero,85464,86252,2019
AR,18_25,1_10k,72959,73693,2019
AR,18_25,10_25k,23982,26837,2019
AR,26_34,neg_zero,22353,22812,2019
AR,26_34,1_10k,25376,26561,2019
AR,26_34,10_25k,24307,28190,2019
AR,35_44,neg_zero,22222,22693,2019
AR,35_44,1_10k,23153,24932,2019
AR,35_44,10_25k,20664,29419,2019
AR,45_54,neg_zero,16646,16791,2019
AR,45_54,1_10k,23787,25294,2019
AR,45_54,10_25k,19019,24850,2019
AR,55_64,neg_zero,12312,12743,2019
AR,55_64,1_10k,31247,32838,2019
AR,55_64,10_25k,22332,31575,2019
AR,65_74,neg_zero,3180,3438,2019
AR,65_74,1_10k,19349,19902,2019
AR,65_74,10_25k,18970,29020,2019
AR,75p,neg_zero,4546,5121,2019
AR,75p,1_10k,18864,19818,2019
AR,75p,10_25k,17985,24020,2019
AZ,18_25,neg_zero,187628,187628,2019
AZ,18_25,1_10k,155066,156109,2019
AZ,18_25,10_25k,53661,57697,2019
AZ,26_34,neg_zero,65690,66630,2019
AZ,26_34,1_10k,75313,78646,2019
AZ,26_34,10_25k,37810,46919,2019
AZ,35_44,neg_zero,53515,55279,2019
AZ,35_44,1_10k,44690,48111,2019
AZ,35_44,10_25k,31401,38782,2019
AZ,45_54,neg_zero,42201,43795,2019
AZ,45_54,1_10k,42209,46168,2019
AZ,45_54,10_25k,28902,39352,2019
AZ,55_64,neg_zero,40226,42968,2019
AZ,55_64,1_10k,59189,63787,2019
AZ,55_64,10_25k,36256,52624,2019
AZ,65_74,neg_zero,14647,16935,2019
AZ,65_74,1_10k,39563,43960,2019
AZ,65_74,10_25k,34495,50985,2019
AZ,75p,neg_zero,12243,13709,2019
AZ,75p,1_10k,40254,43500,2019
AZ,75p,10_25k,32209,47428,2019
CA,18_25,neg_zero,1045328,1047707,2019
CA,18_25,1_10k,863746,867722,2019
CA,18_25,10_25k,310218,323151,2019
CA,26_34,neg_zero,373650,376568,2019
CA,26_34,1_10k,362030,370742,2019
CA,26_34,10_25k,267662,316270,2019
CA,35_44,neg_zero,226417,232094,2019
CA,35_44,1_10k,231988,246053,2019
CA,35_44,10_25k,225235,295803,2019
CA,45_54,neg_zero,193193,201294,2019
CA,45_54,1_10k,201292,216799,2019
CA,45_54,10_25k,185185,251568,2019
CA,55_64,neg_zero,212902,229279,2019
CA,55_64,1_10k,257836,282153,2019
CA,55_64,10_25k,252920,357874,2019
CA,65_74,neg_zero,106927,121728,2019
CA,65_74,1_10k,230753,257370,2019
CA,65_74,10_25k,262924,379409,2019
CA,75p,neg_zero,104202,116862,2019
CA,75p,1_10k,234093,249601,2019
CA,75p,10_25k,255029,346053,2019
CO,18_25,neg_zero,90098,90098,2019
CO,18_25,1_10k,135480,136789,2019
CO,18_25,10_25k,38310,39852,2019
CO,26_34,neg_zero,34248,35280,2019
CO,26_34,1_10k,48180,49237,2019
CO,26_34,10_25k,25695,30393,2019
CO,35_44,neg_zero,26245,26620,2019
CO,35_44,1_10k,29306,30958,2019
CO,35_44,10_25k,22062,27873,2019
CO,45_54,neg_zero,14449,14739,2019
CO,45_54,1_10k,24567,26218,2019
CO,45_54,10_25k,18920,24567,2019
CO,55_64,neg_zero,20238,22247,2019
CO,55_64,1_10k,37621,40450,2019
CO,55_64,10_25k,17579,23034,2019
CO,65_74,neg_zero,6470,7139,2019
CO,65_74,1_10k,24793,26632,2019
CO,65_74,10_25k,19763,28077,2019
CO,75p,neg_zero,6102,6586,2019
CO,75p,1_10k,21682,22260,2019
CO,75p,10_25k,16230,22148,2019
CT,18_25,neg_zero,73170,73170,2019
CT,18_25,1_10k,87914,87914,2019
CT,18_25,10_25k,27124,27515,2019
CT,26_34,neg_zero,21854,21854,2019
CT,26_34,1_10k,31477,32219,2019
CT,26_34,10_25k,16970,18335,2019
CT,35_44,neg_zero,11956,12201,2019
CT,35_44,1_10k,20208,22302,2019
CT,35_44,10_25k,13307,17228,2019
CT,45_54,neg_zero,17456,17601,2019
CT,45_54,1_10k,22036,23073,2019
CT,45_54,10_25k,15870,19902,2019
CT,55_64,neg_zero,13232,13885,2019
CT,55_64,1_10k,30002,30963,2019
CT,55_64,10_25k,15362,19415,2019
CT,65_74,neg_zero,5079,5511,2019
CT,65_74,1_10k,19254,20203,2019
CT,65_74,10_25k,12381,18038,2019
CT,75p,neg_zero,5921,6558,2019
CT,75p,1_10k,16491,18106,2019
CT,75p,10_25k,12406,15819,2019
DC,18_25,neg_zero,15103,15103,2019
DC,18_25,1_10k,14595,14668,2019
DC,18_25,10_25k,2589,2589,2019
DC,26_34,neg_zero,6294,6341,2019
DC,26_34,1_10k,12025,12025,2019
DC,26_34,10_25k,2510,2510,2019
DC,35_44,neg_zero,4439,4439,2019
DC,35_44,1_10k,5845,5946,2019
DC,35_44,10_25k,1766,1766,2019
DC,45_54,neg_zero,7117,7117,2019
DC,45_54,1_10k,5302,5302,2019
DC,45_54,10_25k,2460,2545,2019
DC,55_64,neg_zero,3240,3438,2019
DC,55_64,1_10k,10323,10481,2019
DC,55_64,10_25k,1940,2084,2019
DC,65_74,neg_zero,1936,1936,2019
DC,65_74,1_10k,7181,7181,2019
DC,65_74,10_25k,2272,2567,2019
DC,75p,neg_zero,1838,2047,2019
DC,75p,1_10k,3246,3294,2019
DC,75p,10_25k,1191,1710,2019
DE,18_25,neg_zero,19715,19715,2019
DE,18_25,1_10k,23036,23174,2019
DE,18_25,10_25k,7395,7513,2019
DE,26_34,neg_zero,8237,8237,2019
DE,26_34,1_10k,8360,8685,2019
DE,26_34,10_25k,4268,4905,2019
DE,35_44,neg_zero,5696,5696,2019
DE,35_44,1_10k,3208,3219,2019
DE,35_44,10_25k,4190,5227,2019
DE,45_54,neg_zero,3288,3288,2019
DE,45_54,1_10k,6762,7281,2019
DE,45_54,10_25k,2962,4390,2019
DE,55_64,neg_zero,4742,4831,2019
DE,55_64,1_10k,8980,9225,2019
DE,55_64,10_25k,3287,4678,2019
DE,65_74,neg_zero,1443,1443,2019
DE,65_74,1_10k,4941,5410,2019
DE,65_74,10_25k,3520,5339,2019
DE,75p,neg_zero,2260,2260,2019
DE,75p,1_10k,5032,5421,2019
DE,75p,10_25k,2857,4345,2019
FL,18_25,neg_zero,532256,533005,2019
FL,18_25,1_10k,436213,437321,2019
FL,18_25,10_25k,157425,162703,2019
FL,26_34,neg_zero,186407,188483,2019
FL,26_34,1_10k,208634,212765,2019
FL,26_34,10_25k,130553,153825,2019
FL,35_44,neg_zero,151322,155357,2019
FL,35_44,1_10k,149614,156775,2019
FL,35_44,10_25k,112832,142149,2019
FL,45_54,neg_zero,123388,126378,2019
FL,45_54,1_10k,136370,144617,2019
FL,45_54,10_25k,105741,138622,2019
FL,55_64,neg_zero,126975,134474,2019
FL,55_64,1_10k,205273,219119,2019
FL,55_64,10_25k,128838,179535,2019
FL,65_74,neg_zero,64963,74210,2019
FL,65_74,1_10k,180808,195477,2019
FL,65_74,10_25k,150876,218450,2019
FL,75p,neg_zero,61750,68444,2019
FL,75p,1_10k,206406,216078,2019
FL,75p,10_25k,140744,197990,2019
GA,18_25,neg_zero,300125,300360,2019
GA,18_25,1_10k,266528,267820,2019
GA,18_25,10_25k,75712,82116,2019
GA,26_34,neg_zero,84339,84976,2019
GA,26_34,1_10k,114918,115722,2019
GA,26_34,10_25k,70969,80837,2019
GA,35_44,neg_zero,60932,62232,2019
GA,35_44,1_10k,71742,74799,2019
GA,35_44,10_25k,59217,75776,2019
GA,45_54,neg_zero,58008,60679,2019
GA,45_54,1_10k,66424,69798,2019
GA,45_54,10_25k,50944,69002,2019
GA,55_64,neg_zero,52573,54844,2019
GA,55_64,1_10k,89237,95758,2019
GA,55_64,10_25k,55174,78146,2019
GA,65_74,neg_zero,22212,24136,2019
GA,65_74,1_10k,69843,74122,2019
GA,65_74,10_25k,51328,70598,2019
GA,75p,neg_zero,19258,20772,2019
GA,75p,1_10k,52995,54628,2019
GA,75p,10_25k,43293,59676,2019
HI,18_25,neg_zero,28071,28155,2019
HI,18_25,1_10k,24575,24863,2019
HI,18_25,10_25k,8302,8832,2019
HI,26_34,neg_zero,9798,10021,2019
HI,26_34,1_10k,14796,15156,2019
HI,26_34,10_25k,5072,5744,2019
HI,35_44,neg_zero,8141,8141,2019
HI,35_44,1_10k,8199,8199,2019
HI,35_44,10_25k,4643,6849,2019
HI,45_54,neg_zero,6532,6716,2019
HI,45_54,1_10k,6859,7178,2019
HI,45_54,10_25k,4703,6181,2019
HI,55_64,neg_zero,5861,6231,2019
HI,55_64,1_10k,10584,11792,2019
HI,55_64,10_25k,6026,9382,2019
HI,65_74,neg_zero,3394,3785,2019
HI,65_74,1_10k,9470,10081,2019
HI,65_74,10_25k,7762,11318,2019
HI,75p,neg_zero,3702,3845,2019
HI,75p,1_10k,10815,11281,2019
HI,75p,10_25k,7400,10290,2019
IA,18_25,neg_zero,49918,49918,2019
IA,18_25,1_10k,71843,72070,2019
IA,18_25,10_25k,25603,27034,2019
IA,26_34,neg_zero,14389,14422,2019
IA,26_34,1_10k,22203,22370,2019
IA,26_34,10_25k,20578,24187,2019
IA,35_44,neg_zero,8284,8324,2019
IA,35_44,1_10k,15499,15602,2019
IA,35_44,10_25k,12364,14754,2019
IA,45_54,neg_zero,6333,6517,2019
IA,45_54,1_10k,16777,17437,2019
IA,45_54,10_25k,9661,12032,2019
IA,55_64,neg_zero,7978,8731,2019
IA,55_64,1_10k,18374,19434,2019
IA,55_64,10_25k,14399,20597,2019
IA,65_74,neg_zero,2869,3820,2019
IA,65_74,1_10k,12356,13105,2019
IA,65_74,10_25k,13033,18582,2019
IA,75p,neg_zero,4657,4955,2019
IA,75p,1_10k,16874,17900,2019
IA,75p,10_25k,13305,18679,2019
ID,18_25,neg_zero,29149,29795,2019
ID,18_25,1_10k,43896,44482,2019
ID,18_25,10_25k,17538,21119,2019
ID,26_34,neg_zero,6879,6938,2019
ID,26_34,1_10k,14651,15215,2019
ID,26_34,10_25k,10701,14652,2019
ID,35_44,neg_zero,5532,5532,2019
ID,35_44,1_10k,12873,13641,2019
ID,35_44,10_25k,5936,8112,2019
ID,45_54,neg_zero,3359,3483,2019
ID,45_54,1_10k,9614,9992,2019
ID,45_54,10_25k,5201,6762,2019
ID,55_64,neg_zero,5670,5705,2019
ID,55_64,1_10k,10596,11971,2019
ID,55_64,10_25k,9127,12661,2019
ID,65_74,neg_zero,1569,1996,2019
ID,65_74,1_10k,6895,7512,2019
ID,65_74,10_25k,6582,9867,2019
ID,75p,neg_zero,1375,1428,2019
ID,75p,1_10k,6510,6757,2019
ID,75p,10_25k,5774,8259,2019
IL,18_25,neg_zero,262583,262636,2019
IL,18_25,1_10k,302827,303945,2019
IL,18_25,10_25k,91861,96133,2019
IL,26_34,neg_zero,90853,91605,2019
IL,26_34,1_10k,106777,109106,2019
IL,26_34,10_25k,73418,84824,2019
IL,35_44,neg_zero,66387,67115,2019
IL,35_44,1_10k,69467,72101,2019
IL,35_44,10_25k,61343,76016,2019
IL,45_54,neg_zero,62107,64410,2019
IL,45_54,1_10k,72645,76970,2019
IL,45_54,10_25k,48200,62145,2019
IL,55_64,neg_zero,58700,61779,2019
IL,55_64,1_10k,106080,112024,2019
IL,55_64,10_25k,51652,71152,2019
IL,65_74,neg_zero,19981,22453,2019
IL,65_74,1_10k,67601,75407,2019
IL,65_74,10_25k,51125,71600,2019
IL,75p,neg_zero,23935,26424,2019
IL,75p,1_10k,71781,74969,2019
IL,75p,10_25k,47285,63072,2019
IN,18_25,neg_zero,147306,147306,2019
IN,18_25,1_10k,171853,172119,2019
IN,18_25,10_25k,48837,51290,2019
IN,26_34,neg_zero,43206,43424,2019
IN,26_34,1_10k,64615,66795,2019
IN,26_34,10_25k,36873,43493,2019
IN,35_44,neg_zero,34944,35268,2019
IN,35_44,1_10k,45739,49014,2019
IN,35_44,10_25k,29470,35714,2019
IN,45_54,neg_zero,27421,28272,2019
IN,45_54,1_10k,43883,46297,2019
IN,45_54,10_25k,23682,31305,2019
IN,55_64,neg_zero,25273,26525,2019
IN,55_64,1_10k,52491,55641,2019
IN,55_64,10_25k,33063,45016,2019
IN,65_74,neg_zero,7984,8428,2019
IN,65_74,1_10k,30183,32613,2019
IN,65_74,10_25k,23198,33572,2019
IN,75p,neg_zero,11573,12034,2019
IN,75p,1_10k,26171,27028,2019
IN,75p,10_25k,24536,32926,2019
KS,18_25,neg_zero,51604,51822,2019
KS,18_25,1_10k,73962,74449,2019
KS,18_25,10_25k,27619,29724,2019
KS,26_34,neg_zero,13753,13881,2019
KS,26_34,1_10k,18691,20362,2019
KS,26_34,10_25k,15081,18169,2019
KS,35_44,neg_zero,9348,9403,2019
KS,35_44,1_10k,16998,17886,2019
KS,35_44,10_25k,12177,14712,2019
KS,45_54,neg_zero,6986,7253,2019
KS,45_54,1_10k,12040,12626,2019
KS,45_54,10_25k,11245,14394,2019
KS,55_64,neg_zero,7260,7590,2019
KS,55_64,1_10k,16910,17766,2019
KS,55_64,10_25k,14520,19739,2019
KS,65_74,neg_zero,2571,2827,2019
KS,65_74,1_10k,9813,10615,2019
KS,65_74,10_25k,8343,11729,2019
KS,75p,neg_zero,3675,4478,2019
KS,75p,1_10k,13518,13768,2019
KS,75p,10_25k,10358,13503,2019
KY,18_25,neg_zero,125319,125319,2019
KY,18_25,1_10k,113634,115243,2019
KY,18_25,10_25k,36690,39632,2019
KY,26_34,neg_zero,35415,36244,2019
KY,26_34,1_10k,43971,46760,2019
KY,26_34,10_25k,25344,31211,2019
KY,35_44,neg_zero,28823,29810,2019
KY,35_44,1_10k,34448,36992,2019
KY,35_44,10_25k,27911,34710,2019
KY,45_54,neg_zero,27816,28330,2019
KY,45_54,1_10k,36548,39445,2019
KY,45_54,10_25k,20471,27281,2019
KY,55_64,neg_zero,16004,16877,2019
KY,55_64,1_10k,51955,55034,2019
KY,55_64,10_25k,29286,44274,2019
KY,65_74,neg_zero,3960,4482,2019
KY,65_74,1_10k,32081,34113,2019
KY,65_74,10_25k,28655,40973,2019
KY,75p,neg_zero,5949,6354,2019
KY,75p,1_10k,31213,32955,2019
KY,75p,10_25k,23806,30888,2019
LA,18_25,neg_zero,153928,154040,2019
LA,18_25,1_10k,119888,120397,2019
LA,18_25,10_25k,41101,42659,2019
LA,26_34,neg_zero,57287,57802,2019
LA,26_34,1_10k,62543,63971,2019
LA,26_34,10_25k,43550,50152,2019
LA,35_44,neg_zero,47624,47779,2019
LA,35_44,1_10k,48174,50026,2019
LA,35_44,10_25k,31892,38978,2019
LA,45_54,neg_zero,35186,35818,2019
LA,45_54,1_10k,41864,43573,2019
LA,45_54,10_25k,25518,30955,2019
LA,55_64,neg_zero,29215,30523,2019
LA,55_64,1_10k,68336,71117,2019
LA,55_64,10_25k,30741,44061,2019
LA,65_74,neg_zero,7363,8175,2019
LA,65_74,1_10k,39597,41268,2019
LA,65_74,10_25k,28524,43006,2019
LA,75p,neg_zero,7070,7545,2019
LA,75p,1_10k,31821,33553,2019
LA,75p,10_25k,25910,35058,2019
MA,18_25,neg_zero,107516,107516,2019
MA,18_25,1_10k,164968,165247,2019
MA,18_25,10_25k,46258,48309,2019
MA,26_34,neg_zero,36018,37090,2019
MA,26_34,1_10k,55018,55472,2019
MA,26_34,10_25k,29725,33137,2019
MA,35_44,neg_zero,23265,23540,2019
MA,35_44,1_10k,34146,35660,2019
MA,35_44,10_25k,27946,32671,2019
MA,45_54,neg_zero,20819,21222,2019
MA,45_54,1_10k,39561,41602,2019
MA,45_54,10_25k,24418,29761,2019
MA,55_64,neg_zero,22189,23800,2019
MA,55_64,1_10k,42499,45649,2019
MA,55_64,10_25k,31427,39282,2019
MA,65_74,neg_zero,12236,14182,2019
MA,65_74,1_10k,42429,45458,2019
MA,65_74,10_25k,28879,39520,2019
MA,75p,neg_zero,14930,16963,2019
MA,75p,1_10k,43509,45824,2019
MA,75p,10_25k,29663,38832,2019
MD,18_25,neg_zero,120245,120245,2019
MD,18_25,1_10k,143168,143443,2019
MD,18_25,10_25k,38259,38614,2019
MD,26_34,neg_zero,43837,44427,2019
MD,26_34,1_10k,60513,61540,2019
MD,26_34,10_25k,30932,35396,2019
MD,35_44,neg_zero,25668,26641,2019
MD,35_44,1_10k,33575,34690,2019
MD,35_44,10_25k,22725,28404,2019
MD,45_54,neg_zero,22873,23938,2019
MD,45_54,1_10k,37176,39425,2019
MD,45_54,10_25k,17806,22603,2019
MD,55_64,neg_zero,26344,26991,2019
MD,55_64,1_10k,43656,45989,2019
MD,55_64,10_25k,22136,28732,2019
MD,65_74,neg_zero,13022,14973,2019
MD,65_74,1_10k,33953,35584,2019
MD,65_74,10_25k,19065,27722,2019
MD,75p,neg_zero,12660,13557,2019
MD,75p,1_10k,32014,33354,2019
MD,75p,10_25k,19378,27376,2019
ME,18_25,neg_zero,13935,13935,2019
ME,18_25,1_10k,30742,30854,2019
ME,18_25,10_25k,6834,7077,2019
ME,26_34,neg_zero,4775,4897,2019
ME,26_34,1_10k,13240,13240,2019
ME,26_34,10_25k,6621,7306,2019
ME,35_44,neg_zero,2121,2138,2019
ME,35_44,1_10k,9803,10141,2019
ME,35_44,10_25k,5682,6662,2019
ME,45_54,neg_zero,2994,3146,2019
ME,45_54,1_10k,11840,12637,2019
ME,45_54,10_25k,5749,7323,2019
ME,55_64,neg_zero,3383,3588,2019
ME,55_64,1_10k,11424,12167,2019
ME,55_64,10_25k,8272,12566,2019
ME,65_74,neg_zero,1220,1220,2019
ME,65_74,1_10k,5696,5844,2019
ME,65_74,10_25k,8029,10876,2019
ME,75p,neg_zero,1707,1707,2019
ME,75p,1_10k,7199,7484,2019
ME,75p,10_25k,6789,8953,2019
MI,18_25,neg_zero,169465,170050,2019
MI,18_25,1_10k,282116,282402,2019
MI,18_25,10_25k,87372,90192,2019
MI,26_34,neg_zero,62476,62533,2019
MI,26_34,1_10k,103547,106509,2019
MI,26_34,10_25k,61853,71891,2019
MI,35_44,neg_zero,49827,50256,2019
MI,35_44,1_10k,67803,72052,2019
MI,35_44,10_25k,45997,56199,2019
MI,45_54,neg_zero,43616,45002,2019
MI,45_54,1_10k,74188,77930,2019
MI,45_54,10_25k,43436,58181,2019
MI,55_64,neg_zero,39765,41179,2019
MI,55_64,1_10k,88170,95216,2019
MI,55_64,10_25k,57320,78383,2019
MI,65_74,neg_zero,12934,14822,2019
MI,65_74,1_10k,61957,65699,2019
MI,65_74,10_25k,41838,60487,2019
MI,75p,neg_zero,13765,14446,2019
MI,75p,1_10k,46706,49534,2019
MI,75p,10_25k,35810,47369,2019
MN,18_25,neg_zero,67827,67827,2019
MN,18_25,1_10k,123638,124042,2019
MN,18_25,10_25k,40423,41750,2019
MN,26_34,neg_zero,17801,17801,2019
MN,26_34,1_10k,38612,39808,2019
MN,26_34,10_25k,27808,31075,2019
MN,35_44,neg_zero,12168,12379,2019
MN,35_44,1_10k,23926,24824,2019
MN,35_44,10_25k,19230,21598,2019
MN,45_54,neg_zero,11753,12456,2019
MN,45_54,1_10k,24169,25330,2019
MN,45_54,10_25k,10369,13039,2019
MN,55_64,neg_zero,9957,10341,2019
MN,55_64,1_10k,30730,31761,2019
MN,55_64,10_25k,19067,25731,2019
MN,65_74,neg_zero,6929,8928,2019
MN,65_74,1_10k,21116,23520,2019
MN,65_74,10_25k,18887,26845,2019
MN,75p,neg_zero,6274,7066,2019
MN,75p,1_10k,22050,22556,2019
MN,75p,10_25k,23860,31735,2019
MO,18_25,neg_zero,126854,127015,2019
MO,18_25,1_10k,161462,161768,2019
MO,18_25,10_25k,45846,48767,2019
MO,26_34,neg_zero,43695,44499,2019
MO,26_34,1_10k,53834,55274,2019
MO,26_34,10_25k,39236,47462,2019
MO,35_44,neg_zero,30037,30520,2019
MO,35_44,1_10k,42314,43629,2019
MO,35_44,10_25k,32676,40354,2019
MO,45_54,neg_zero,20819,21155,2019
MO,45_54,1_10k,43274,45313,2019
MO,45_54,10_25k,20857,27373,2019
MO,55_64,neg_zero,25623,27398,2019
MO,55_64,1_10k,53529,58745,2019
MO,55_64,10_25k,32189,45553,2019
MO,65_74,neg_zero,8540,9379,2019
MO,65_74,1_10k,35823,38040,2019
MO,65_74,10_25k,28503,41320,2019
MO,75p,neg_zero,13785,14161,2019
MO,75p,1_10k,31994,33983,2019
MO,75p,10_25k,27305,36595,2019
MS,18_25,neg_zero,110834,111056,2019
MS,18_25,1_10k,88617,89209,2019
MS,18_25,10_25k,22854,24030,2019
MS,26_34,neg_zero,33449,33861,2019
MS,26_34,1_10k,36043,37702,2019
MS,26_34,10_25k,22277,25190,2019
MS,35_44,neg_zero,27355,27580,2019
MS,35_44,1_10k,30984,32273,2019
MS,35_44,10_25k,27244,31797,2019
MS,45_54,neg_zero,21184,21655,2019
MS,45_54,1_10k,32118,33150,2019
MS,45_54,10_25k,15368,21318,2019
MS,55_64,neg_zero,16323,16797,2019
MS,55_64,1_10k,37665,39483,2019
MS,55_64,10_25k,22999,33109,2019
MS,65_74,neg_zero,3712,4034,2019
MS,65_74,1_10k,21225,23286,2019
MS,65_74,10_25k,21439,30278,2019
MS,75p,neg_zero,3112,3672,2019
MS,75p,1_10k,22512,23078,2019
MS,75p,10_25k,17422,25168,2019
MT,18_25,neg_zero,22497,22497,2019
MT,18_25,1_10k,27946,28005,2019
MT,18_25,10_25k,10525,11420,2019
MT,26_34,neg_zero,3539,3539,2019
MT,26_34,1_10k,10118,10453,2019
MT,26_34,10_25k,7694,9747,2019
MT,35_44,neg_zero,3373,3488,2019
MT,35_44,1_10k,4917,5120,2019
MT,35_44,10_25k,5559,6777,2019
MT,45_54,neg_zero,3056,3128,2019
MT,45_54,1_10k,5023,5114,2019
MT,45_54,10_25k,3423,4995,2019
MT,55_64,neg_zero,4091,4102,2019
MT,55_64,1_10k,8827,9899,2019
MT,55_64,10_25k,6861,9425,2019
MT,65_74,neg_zero,830,878,2019
MT,65_74,1_10k,5588,6156,2019
MT,65_74,10_25k,5885,8211,2019
MT,75p,neg_zero,1024,1093,2019
MT,75p,1_10k,5960,5983,2019
MT,75p,10_25k,6588,9158,2019
NC,18_25,neg_zero,237504,237680,2019
NC,18_25,1_10k,257573,258814,2019
NC,18_25,10_25k,76316,80711,2019
NC,26_34,neg_zero,69174,69508,2019
NC,26_34,1_10k,109693,112425,2019
NC,26_34,10_25k,64439,75124,2019
NC,35_44,neg_zero,54755,56761,2019
NC,35_44,1_10k,76344,80479,2019
NC,35_44,10_25k,58974,71002,2019
NC,45_54,neg_zero,46165,47792,2019
NC,45_54,1_10k,70546,74607,2019
NC,45_54,10_25k,42705,55437,2019
NC,55_64,neg_zero,40175,41581,2019
NC,55_64,1_10k,95375,101695,2019
NC,55_64,10_25k,57009,80463,2019
NC,65_74,neg_zero,13938,15295,2019
NC,65_74,1_10k,54884,59175,2019
NC,65_74,10_25k,60379,87613,2019
NC,75p,neg_zero,18147,19439,2019
NC,75p,1_10k,53224,56870,2019
NC,75p,10_25k,53074,72885,2019
ND,18_25,neg_zero,7794,7794,2019
ND,18_25,1_10k,20342,20342,2019
ND,18_25,10_25k,8492,8987,2019
ND,26_34,neg_zero,3048,3067,2019
ND,26_34,1_10k,4493,4617,2019
ND,26_34,10_25k,4296,4953,2019
ND,35_44,neg_zero,1500,1512,2019
ND,35_44,1_10k,4749,4749,2019
ND,35_44,10_25k,3531,5224,2019
ND,45_54,neg_zero,1255,1287,2019
ND,45_54,1_10k,3542,3814,2019
ND,45_54,10_25k,1900,2215,2019
ND,55_64,neg_zero,1302,1351,2019
ND,55_64,1_10k,2320,2452,2019
ND,55_64,10_25k,2128,3268,2019
ND,65_74,neg_zero,1484,1515,2019
ND,65_74,1_10k,2213,2309,2019
ND,65_74,10_25k,1969,2715,2019
ND,75p,neg_zero,898,918,2019
ND,75p,1_10k,3603,3673,2019
ND,75p,10_25k,2717,4306,2019
NE,18_25,neg_zero,29009,29009,2019
NE,18_25,1_10k,48521,48535,2019
NE,18_25,10_25k,16106,17003,2019
NE,26_34,neg_zero,6279,6279,2019
NE,26_34,1_10k,12834,13778,2019
NE,26_34,10_25k,6038,7022,2019
NE,35_44,neg_zero,5635,5719,2019
NE,35_44,1_10k,9038,9293,2019
NE,35_44,10_25k,6053,8126,2019
NE,45_54,neg_zero,4428,4428,2019
NE,45_54,1_10k,9047,9274,2019
NE,45_54,10_25k,4444,6009,2019
NE,55_64,neg_zero,3129,3147,2019
NE,55_64,1_10k,10613,11164,2019
NE,55_64,10_25k,7286,10101,2019
NE,65_74,neg_zero,1333,1776,2019
NE,65_74,1_10k,8130,8961,2019
NE,65_74,10_25k,8153,12301,2019
NE,75p,neg_zero,2202,2384,2019
NE,75p,1_10k,7262,7502,2019
NE,75p,10_25k,9289,13283,2019
NH,18_25,neg_zero,19362,19362,2019
NH,18_25,1_10k,26347,26347,2019
NH,18_25,10_25k,5930,6138,2019
NH,26_34,neg_zero,4818,4898,2019
NH,26_34,1_10k,9419,9447,2019
NH,26_34,10_25k,6278,7316,2019
NH,35_44,neg_zero,5893,6339,2019
NH,35_44,1_10k,8085,8643,2019
NH,35_44,10_25k,3888,4643,2019
NH,45_54,neg_zero,4979,5034,2019
NH,45_54,1_10k,4582,4683,2019
NH,45_54,10_25k,3396,4709,2019
NH,55_64,neg_zero,3498,3903,2019
NH,55_64,1_10k,8298,8921,2019
NH,55_64,10_25k,6057,8202,2019
NH,65_74,neg_zero,1101,1101,2019
NH,65_74,1_10k,4118,4409,2019
NH,65_74,10_25k,4852,6621,2019
NH,75p,neg_zero,1249,1249,2019
NH,75p,1_10k,5731,5848,2019
NH,75p,10_25k,6660,8450,2019
NJ,18_25,neg_zero,189125,189590,2019
NJ,18_25,1_10k,210292,211147,2019
NJ,18_25,10_25k,53642,54957,2019
NJ,26_34,neg_zero,58665,58665,2019
NJ,26_34,1_10k,67816,69067,2019
NJ,26_34,10_25k,37436,42725,2019
NJ,35_44,neg_zero,42430,43556,2019
NJ,35_44,1_10k,36328,38065,2019
NJ,35_44,10_25k,39637,46828,2019
NJ,45_54,neg_zero,31790,33067,2019
NJ,45_54,1_10k,36717,38717,2019
NJ,45_54,10_25k,29857,38519,2019
NJ,55_64,neg_zero,35779,38170,2019
NJ,55_64,1_10k,59313,64818,2019
NJ,55_64,10_25k,32754,45518,2019
NJ,65_74,neg_zero,22134,24294,2019
NJ,65_74,1_10k,47832,52913,2019
NJ,65_74,10_25k,34747,50040,2019
NJ,75p,neg_zero,24840,27315,2019
NJ,75p,1_10k,59882,62891,2019
NJ,75p,10_25k,33336,45613,2019
NM,18_25,neg_zero,59677,59677,2019
NM,18_25,1_10k,54544,54638,2019
NM,18_25,10_25k,17263,18687,2019
NM,26_34,neg_zero,24248,24718,2019
NM,26_34,1_10k,29088,29461,2019
NM,26_34,10_25k,13483,16156,2019
NM,35_44,neg_zero,14396,15430,2019
NM,35_44,1_10k,21708,22279,2019
NM,35_44,10_25k,19081,25160,2019
NM,45_54,neg_zero,11252,11373,2019
NM,45_54,1_10k,19329,21148,2019
NM,45_54,10_25k,11123,15654,2019
NM,55_64,neg_zero,13334,13849,2019
NM,55_64,1_10k,25089,26638,2019
NM,55_64,10_25k,11470,16595,2019
NM,65_74,neg_zero,5205,5551,2019
NM,65_74,1_10k,16901,17784,2019
NM,65_74,10_25k,16207,24108,2019
NM,75p,neg_zero,2206,2483,2019
NM,75p,1_10k,14865,15557,2019
NM,75p,10_25k,13966,20674,2019
NV,18_25,neg_zero,70186,70612,2019
NV,18_25,1_10k,57452,57885,2019
NV,18_25,10_25k,19567,20537,2019
NV,26_34,neg_zero,26089,26599,2019
NV,26_34,1_10k,32101,33349,2019
NV,26_34,10_25k,18568,22155,2019
NV,35_44,neg_zero,18577,19383,2019
NV,35_44,1_10k,20736,21538,2019
NV,35_44,10_25k,15636,20200,2019
NV,45_54,neg_zero,18962,19178,2019
NV,45_54,1_10k,18742,19823,2019
NV,45_54,10_25k,12961,16063,2019
NV,55_64,neg_zero,18608,20137,2019
NV,55_64,1_10k,24736,26613,2019
NV,55_64,10_25k,14593,19505,2019
NV,65_74,neg_zero,5006,5743,2019
NV,65_74,1_10k,21004,23077,2019
NV,65_74,10_25k,16050,22821,2019
NV,75p,neg_zero,5125,6280,2019
NV,75p,1_10k,14673,15113,2019
NV,75p,10_25k,12935,18567,2019
NY,18_25,neg_zero,469106,470044,2019
NY,18_25,1_10k,427961,430162,2019
NY,18_25,10_25k,115986,122196,2019
NY,26_34,neg_zero,165545,167658,2019
NY,26_34,1_10k,192949,196775,2019
NY,26_34,10_25k,109235,129196,2019
NY,35_44,neg_zero,97557,100166,2019
NY,35_44,1_10k,113982,117739,2019
NY,35_44,10_25k,94172,122532,2019
NY,45_54,neg_zero,85483,87734,2019
NY,45_54,1_10k,124333,131539,2019
NY,45_54,10_25k,83774,107235,2019
NY,55_64,neg_zero,95825,103696,2019
NY,55_64,1_10k,163873,175381,2019
NY,55_64,10_25k,110978,154757,2019
NY,65_74,neg_zero,51414,58071,2019
NY,65_74,1_10k,139975,152249,2019
NY,65_74,10_25k,108365,153748,2019
NY,75p,neg_zero,51438,57592,2019
NY,75p,1_10k,146281,154144,2019
NY,75p,10_25k,107390,145149,2019
OH,18_25,neg_zero,222199,222665,2019
OH,18_25,1_10k,279613,280996,2019
OH,18_25,10_25k,87351,90356,2019
OH,26_34,neg_zero,65926,66512,2019
OH,26_34,1_10k,119290,121368,2019
OH,26_34,10_25k,69801,81492,2019
OH,35_44,neg_zero,48932,50631,2019
OH,35_44,1_10k,79831,83125,2019
OH,35_44,10_25k,56384,69012,2019
OH,45_54,neg_zero,49177,50594,2019
OH,45_54,1_10k,82770,85761,2019
OH,45_54,10_25k,50087,63837,2019
OH,55_64,neg_zero,39927,41073,2019
OH,55_64,1_10k,106963,112659,2019
OH,55_64,10_25k,59328,79216,2019
OH,65_74,neg_zero,13080,14403,2019
OH,65_74,1_10k,70620,72910,2019
OH,65_74,10_25k,44808,63331,2019
OH,75p,neg_zero,17323,18935,2019
OH,75p,1_10k,57453,59860,2019
OH,75p,10_25k,39513,54440,2019
OK,18_25,neg_zero,111782,111818,2019
OK,18_25,1_10k,100092,100387,2019
OK,18_25,10_25k,30298,33072,2019
OK,26_34,neg_zero,32905,33038,2019
OK,26_34,1_10k,41847,42941,2019
OK,26_34,10_25k,25655,30838,2019
OK,35_44,neg_zero,26970,27172,2019
OK,35_44,1_10k,31460,32938,2019
OK,35_44,10_25k,23105,29410,2019
OK,45_54,neg_zero,18349,19145,2019
OK,45_54,1_10k,33089,35766,2019
OK,45_54,10_25k,19489,25575,2019
OK,55_64,neg_zero,18881,19797,2019
OK,55_64,1_10k,35663,38039,2019
OK,55_64,10_25k,21693,30257,2019
OK,65_74,neg_zero,3627,4310,2019
OK,65_74,1_10k,21162,23089,2019
OK,65_74,10_25k,18171,25653,2019
OK,75p,neg_zero,3605,3814,2019
OK,75p,1_10k,19642,20421,2019
OK,75p,10_25k,17680,25412,2019
OR,18_25,neg_zero,69811,69820,2019
OR,18_25,1_10k,97047,97047,2019
OR,18_25,10_25k,29089,30099,2019
OR,26_34,neg_zero,30937,31004,2019
OR,26_34,1_10k,44372,46947,2019
OR,26_34,10_25k,22708,26034,2019
OR,35_44,neg_zero,21619,22196,2019
OR,35_44,1_10k,27234,28688,2019
OR,35_44,10_25k,17368,22044,2019
OR,45_54,neg_zero,15724,15995,2019
OR,45_54,1_10k,31788,33393,2019
OR,45_54,10_25k,12485,17896,2019
OR,55_64,neg_zero,12721,13416,2019
OR,55_64,1_10k,35397,37573,2019
OR,55_64,10_25k,19741,25514,2019
OR,65_74,neg_zero,4134,4879,2019
OR,65_74,1_10k,24434,26533,2019
OR,65_74,10_25k,22333,31689,2019
OR,75p,neg_zero,5447,6053,2019
OR,75p,1_10k,17247,18132,2019
OR,75p,10_25k,15186,20089,2019
PA,18_25,neg_zero,242254,242347,2019
PA,18_25,1_10k,303902,304430,2019
PA,18_25,10_25k,84998,86691,2019
PA,26_34,neg_zero,91662,92447,2019
PA,26_34,1_10k,122587,124859,2019
PA,26_34,10_25k,68652,80321,2019
PA,35_44,neg_zero,56995,57763,2019
PA,35_44,1_10k,78050,80771,2019
PA,35_44,10_25k,59954,73301,2019
PA,45_54,neg_zero,57909,60005,2019
PA,45_54,1_10k,81083,85701,2019
PA,45_54,10_25k,46234,60355,2019
PA,55_64,neg_zero,48184,50593,2019
PA,55_64,1_10k,121295,127936,2019
PA,55_64,10_25k,66849,91565,2019
PA,65_74,neg_zero,13591,15623,2019
PA,65_74,1_10k,73035,77158,2019
PA,65_74,10_25k,51884,76057,2019
PA,75p,neg_zero,18090,20004,2019
PA,75p,1_10k,74386,76707,2019
PA,75p,10_25k,53698,74602,2019
RI,18_25,neg_zero,15903,15903,2019
RI,18_25,1_10k,25679,26031,2019
RI,18_25,10_25k,9684,9902,2019
RI,26_34,neg_zero,5879,5879,2019
RI,26_34,1_10k,11387,11880,2019
RI,26_34,10_25k,5403,5808,2019
RI,35_44,neg_zero,3598,3689,2019
RI,35_44,1_10k,7720,7983,2019
RI,35_44,10_25k,6019,6510,2019
RI,45_54,neg_zero,3996,4155,2019
RI,45_54,1_10k,4391,4560,2019
RI,45_54,10_25k,4568,5812,2019
RI,55_64,neg_zero,3753,3834,2019
RI,55_64,1_10k,8505,8594,2019
RI,55_64,10_25k,6170,7842,2019
RI,65_74,neg_zero,974,974,2019
RI,65_74,1_10k,5883,5927,2019
RI,65_74,10_25k,5136,6574,2019
RI,75p,neg_zero,1263,1376,2019
RI,75p,1_10k,6763,7102,2019
RI,75p,10_25k,5068,6702,2019
SC,18_25,neg_zero,131699,131761,2019
SC,18_25,1_10k,138578,139625,2019
SC,18_25,10_25k,32316,33321,2019
SC,26_34,neg_zero,37986,38358,2019
SC,26_34,1_10k,55563,56425,2019
SC,26_34,10_25k,28595,33184,2019
SC,35_44,neg_zero,33994,34152,2019
SC,35_44,1_10k,40820,42057,2019
SC,35_44,10_25k,26784,33628,2019
SC,45_54,neg_zero,29015,29397,2019
SC,45_54,1_10k,38080,40478,2019
SC,45_54,10_25k,21600,28600,2019
SC,55_64,neg_zero,24106,24742,2019
SC,55_64,1_10k,53955,57448,2019
SC,55_64,10_25k,32786,43797,2019
SC,65_74,neg_zero,7380,7951,2019
SC,65_74,1_10k,37423,39624,2019
SC,65_74,10_25k,30345,41642,2019
SC,75p,neg_zero,4746,4982,2019
SC,75p,1_10k,32290,33463,2019
SC,75p,10_25k,26214,35423,2019
SD,18_25,neg_zero,15538,15538,2019
SD,18_25,1_10k,17143,17160,2019
SD,18_25,10_25k,7027,7974,2019
SD,26_34,neg_zero,4218,4218,2019
SD,26_34,1_10k,4878,4899,2019
SD,26_34,10_25k,5897,6225,2019
SD,35_44,neg_zero,2142,2186,2019
SD,35_44,1_10k,3860,3951,2019
SD,35_44,10_25k,2324,2671,2019
SD,45_54,neg_zero,2643,2643,2019
SD,45_54,1_10k,5513,5581,2019
SD,45_54,10_25k,1693,2213,2019
SD,55_64,neg_zero,1480,1693,2019
SD,55_64,1_10k,5469,5685,2019
SD,55_64,10_25k,4039,5238,2019
SD,65_74,neg_zero,489,545,2019
SD,65_74,1_10k,3439,3461,2019
SD,65_74,10_25k,3323,4699,2019
SD,75p,neg_zero,1043,1120,2019
SD,75p,1_10k,4001,4624,2019
SD,75p,10_25k,4117,5503,2019
TN,18_25,neg_zero,163159,163159,2019
TN,18_25,1_10k,161294,162934,2019
TN,18_25,10_25k,50698,55159,2019
TN,26_34,neg_zero,49523,49705,2019
TN,26_34,1_10k,64225,66858,2019
TN,26_34,10_25k,42857,50606,2019
TN,35_44,neg_zero,40633,41078,2019
TN,35_44,1_10k,52977,55587,2019
TN,35_44,10_25k,39878,53466,2019
TN,45_54,neg_zero,36641,37012,2019
TN,45_54,1_10k,50480,54540,2019
TN,45_54,10_25k,30626,42976,2019
TN,55_64,neg_zero,24475,25064,2019
TN,55_64,1_10k,65737,70565,2019
TN,55_64,10_25k,42554,59981,2019
TN,65_74,neg_zero,7976,9675,2019
TN,65_74,1_10k,35486,37714,2019
TN,65_74,10_25k,38767,55676,2019
TN,75p,neg_zero,7035,7864,2019
TN,75p,1_10k,34487,36695,2019
TN,75p,10_25k,33157,43619,2019
TX,18_25,neg_zero,796393,798034,2019
TX,18_25,1_10k,689888,696024,2019
TX,18_25,10_25k,227526,243732,2019
TX,26_34,neg_zero,247971,251193,2019
TX,26_34,1_10k,282970,295902,2019
TX,26_34,10_25k,187598,229723,2019
TX,35_44,neg_zero,170385,175121,2019
TX,35_44,1_10k,196859,206962,2019
TX,35_44,10_25k,169985,230510,2019
TX,45_54,neg_zero,143228,147922,2019
TX,45_54,1_10k,176378,188590,2019
TX,45_54,10_25k,133446,179838,2019
TX,55_64,neg_zero,131552,139184,2019
TX,55_64,1_10k,209727,227064,2019
TX,55_64,10_25k,132583,197347,2019
TX,65_74,neg_zero,59477,67522,2019
TX,65_74,1_10k,166255,182203,2019
TX,65_74,10_25k,140340,212026,2019
TX,75p,neg_zero,55885,62305,2019
TX,75p,1_10k,154389,163401,2019
TX,75p,10_25k,118820,169576,2019
UT,18_25,neg_zero,46612,46612,2019
UT,18_25,1_10k,83658,84615,2019
UT,18_25,10_25k,36817,43197,2019
UT,26_34,neg_zero,14612,15467,2019
UT,26_34,1_10k,23167,24956,2019
UT,26_34,10_25k,13943,18534,2019
UT,35_44,neg_zero,7657,8711,2019
UT,35_44,1_10k,14185,15006,2019
UT,35_44,10_25k,12092,15853,2019
UT,45_54,neg_zero,7061,7469,2019
UT,45_54,1_10k,9186,9532,2019
UT,45_54,10_25k,9482,12277,2019
UT,55_64,neg_zero,7174,7741,2019
UT,55_64,1_10k,14244,15930,2019
UT,55_64,10_25k,6476,9450,2019
UT,65_74,neg_zero,1665,1799,2019
UT,65_74,1_10k,8734,9339,2019
UT,65_74,10_25k,6906,9463,2019
UT,75p,neg_zero,2222,2305,2019
UT,75p,1_10k,8466,9303,2019
UT,75p,10_25k,7976,12074,2019
VA,18_25,neg_zero,170324,170587,2019
VA,18_25,1_10k,205002,205934,2019
VA,18_25,10_25k,51144,53875,2019
VA,26_34,neg_zero,54990,56039,2019
VA,26_34,1_10k,78836,80498,2019
VA,26_34,10_25k,43246,51049,2019
VA,35_44,neg_zero,39972,40281,2019
VA,35_44,1_10k,49512,51333,2019
VA,35_44,10_25k,36602,45465,2019
VA,45_54,neg_zero,33710,35142,2019
VA,45_54,1_10k,46226,49923,2019
VA,45_54,10_25k,26371,33037,2019
VA,55_64,neg_zero,26452,27165,2019
VA,55_64,1_10k,59543,64118,2019
VA,55_64,10_25k,33869,45991,2019
VA,65_74,neg_zero,15115,16927,2019
VA,65_74,1_10k,45357,49228,2019
VA,65_74,10_25k,32002,44791,2019
VA,75p,neg_zero,12655,14031,2019
VA,75p,1_10k,42306,43924,2019
VA,75p,10_25k,31923,44856,2019
VT,18_25,neg_zero,9530,9530,2019
VT,18_25,1_10k,18633,18633,2019
VT,18_25,10_25k,3316,3316,2019
VT,26_34,neg_zero,3149,3149,2019
VT,26_34,1_10k,6439,6439,2019
VT,26_34,10_25k,2128,2571,2019
VT,35_44,neg_zero,2360,2360,2019
VT,35_44,1_10k,2558,2611,2019
VT,35_44,10_25k,3268,3964,2019
VT,45_54,neg_zero,999,999,2019
VT,45_54,1_10k,3051,3267,2019
VT,45_54,10_25k,2421,3399,2019
VT,55_64,neg_zero,1490,1774,2019
VT,55_64,1_10k,6367,7186,2019
VT,55_64,10_25k,3482,5091,2019
VT,65_74,neg_zero,223,223,2019
VT,65_74,1_10k,1972,2244,2019
VT,65_74,10_25k,2256,3627,2019
VT,75p,neg_zero,218,218,2019
VT,75p,1_10k,2680,2914,2019
VT,75p,10_25k,1960,2752,2019
WA,18_25,neg_zero,122749,122839,2019
WA,18_25,1_10k,151023,151593,2019
WA,18_25,10_25k,47516,50576,2019
WA,26_34,neg_zero,46912,47360,2019
WA,26_34,1_10k,63617,65799,2019
WA,26_34,10_25k,35708,43245,2019
WA,35_44,neg_zero,27828,28724,2019
WA,35_44,1_10k,41172,42776,2019
WA,35_44,10_25k,27115,34276,2019
WA,45_54,neg_zero,25656,26031,2019
WA,45_54,1_10k,38164,40013,2019
WA,45_54,10_25k,24240,30887,2019
WA,55_64,neg_zero,22900,23916,2019
WA,55_64,1_10k,52935,57542,2019
WA,55_64,10_25k,28423,38938,2019
WA,65_74,neg_zero,8468,9382,2019
WA,65_74,1_10k,35228,38517,2019
WA,65_74,10_25k,30598,43930,2019
WA,75p,neg_zero,7609,8598,2019
WA,75p,1_10k,31083,33184,2019
WA,75p,10_25k,19524,28653,2019
WI,18_25,neg_zero,81159,81207,2019
WI,18_25,1_10k,128985,129359,2019
WI,18_25,10_25k,48478,49396,2019
WI,26_34,neg_zero,26878,26893,2019
WI,26_34,1_10k,38308,39027,2019
WI,26_34,10_25k,27446,31087,2019
WI,35_44,neg_zero,17749,18266,2019
WI,35_44,1_10k,29447,30411,2019
WI,35_44,10_25k,22031,26277,2019
WI,45_54,neg_zero,16065,16218,2019
WI,45_54,1_10k,24161,25073,2019
WI,45_54,10_25k,22216,27434,2019
WI,55_64,neg_zero,13525,13650,2019
WI,55_64,1_10k,32995,34986,2019
WI,55_64,10_25k,24654,32357,2019
WI,65_74,neg_zero,5765,6671,2019
WI,65_74,1_10k,19566,20787,2019
WI,65_74,10_25k,27286,39263,2019
WI,75p,neg_zero,5670,6088,2019
WI,75p,1_10k,24542,25275,2019
WI,75p,10_25k,22797,30965,2019
WV,18_25,neg_zero,57113,57618,2019
WV,18_25,1_10k,39205,39982,2019
WV,18_25,10_25k,10871,11264,2019
WV,26_34,neg_zero,14669,14887,2019
WV,26_34,1_10k,20856,21549,2019
WV,26_34,10_25k,11055,13031,2019
WV,35_44,neg_zero,12331,12942,2019
WV,35_44,1_10k,22727,24120,2019
WV,35_44,10_25k,13190,17449,2019
WV,45_54,neg_zero,12289,12528,2019
WV,45_54,1_10k,15620,17649,2019
WV,45_54,10_25k,10568,14326,2019
WV,55_64,neg_zero,7810,7964,2019
WV,55_64,1_10k,19679,21092,2019
WV,55_64,10_25k,11436,18837,2019
WV,65_74,neg_zero,2550,2742,2019
WV,65_74,1_10k,13701,14028,2019
WV,65_74,10_25k,10547,15744,2019
WV,75p,neg_zero,2933,3007,2019
WV,75p,1_10k,10492,10591,2019
WV,75p,10_25k,10364,13193,2019
WY,18_25,neg_zero,10916,10916,2019
WY,18_25,1_10k,16415,16592,2019
WY,18_25,10_25k,3351,3507,2019
WY,26_34,neg_zero,822,894,2019
WY,26_34,1_10k,3686,3775,2019
WY,26_34,10_25k,3176,4089,2019
WY,35_44,neg_zero,1531,1531,2019
WY,35_44,1_10k,2614,2614,2019
WY,35_44,10_25k,1601,1839,2019
WY,45_54,neg_zero,1350,1350,2019
WY,45_54,1_10k,2750,2769,2019
WY,45_54,10_25k,1350,1818,2019
WY,55_64,neg_zero,1846,1846,2019
WY,55_64,1_10k,4227,4405,2019
WY,55_64,10_25k,2544,3953,2019
WY,65_74,neg_zero,449,449,2019
WY,65_74,1_10k,2342,2530,2019
WY,65_74,10_25k,3520,5148,2019
WY,75p,neg_zero,333,471,2019
WY,75p,1_10k,1691,1926,2019
WY,75p,10_25k,2054,3019,2019
