state,gq_type,band,persons,year
AK,dorm_student,18_25,2408,2021
AK,institutional,18_25,342,2021
AK,institutional,26_34,1430,2021
AK,institutional,35_44,1045,2021
AK,institutional,45_54,947,2021
AK,institutional,55_64,733,2021
AK,institutional,65p,1231,2021
AK,institutional,u18,384,2021
AK,other_noninstitutional,18_25,5349,2021
AK,other_noninstitutional,26_34,3362,2021
AK,other_noninstitutional,35_44,2350,2021
AK,other_noninstitutional,45_54,2201,2021
AK,other_noninstitutional,55_64,3081,2021
AK,other_noninstitutional,65p,977,2021
AL,dorm_student,18_25,40649,2021
AL,institutional,18_25,3431,2021
AL,institutional,26_34,9848,2021
AL,institutional,35_44,12053,2021
AL,institutional,45_54,8170,2021
AL,institutional,55_64,7163,2021
AL,institutional,65p,19132,2021
AL,institutional,u18,1678,2021
AL,other_noninstitutional,18_25,4362,2021
AL,other_noninstitutional,26_34,2438,2021
AL,other_noninstitutional,35_44,1146,2021
AL,other_noninstitutional,45_54,874,2021
AL,other_noninstitutional,55_64,2345,2021
AL,other_noninstitutional,65p,1214,2021
AL,other_noninstitutional,u18,69,2021
AR,dorm_student,18_25,26329,2021
AR,institutional,18_25,3322,2021
AR,institutional,26_34,8114,2021
AR,institutional,35_44,7887,2021
AR,institutional,45_54,5521,2021
AR,institutional,55_64,3807,2021
AR,institutional,65p,13007,2021
AR,institutional,u18,1920,2021
AR,other_noninstitutional,18_25,826,2021
AR,other_noninstitutional,26_34,641,2021
AR,other_noninstitutional,35_44,706,2021
AR,other_noninstitutional,45_54,1187,2021
AR,other_noninstitutional,55_64,431,2021
AR,other_noninstitutional,65p,1861,2021
AR,other_noninstitutional,u18,233,2021
AZ,dorm_student,18_25,42524,2021
AZ,institutional,18_25,7525,2021
AZ,institutional,26_34,18711,2021
AZ,institutional,35_44,18432,2021
AZ,institutional,45_54,8574,2021
AZ,institutional,55_64,8394,2021
AZ,institutional,65p,12081,2021
AZ,institutional,u18,2052,2021
AZ,other_noninstitutional,18_25,6082,2021
AZ,other_noninstitutional,26_34,4617,2021
AZ,other_noninstitutional,35_44,2531,2021
AZ,other_noninstitutional,45_54,1917,2021
AZ,other_noninstitutional,55_64,3281,2021
AZ,other_noninstitutional,65p,7742,2021
AZ,other_noninstitutional,u18,1246,2021
CA,dorm_student,18_25,209756,2021
CA,institutional,18_25,34437,2021
CA,institutional,26_34,73791,2021
CA,institutional,35_44,66147,2021
CA,institutional,45_54,42675,2021
CA,institutional,55_64,39108,2021
CA,institutional,65p,88531,2021
CA,institutional,u18,10873,2021
CA,other_noninstitutional,18_25,59597,2021
CA,other_noninstitutional,26_34,44617,2021
CA,other_noninstitutional,35_44,26282,2021
CA,other_noninstitutional,45_54,31255,2021
CA,other_noninstitutional,55_64,32055,2021
CA,other_noninstitutional,65p,50681,2021
CA,other_noninstitutional,u18,5891,2021
CO,dorm_student,18_25,40071,2021
CO,institutional,18_25,4238,2021
CO,institutional,26_34,12146,2021
CO,institutional,35_44,11110,2021
CO,institutional,45_54,6541,2021
CO,institutional,55_64,4504,2021
CO,institutional,65p,14345,2021
CO,institutional,u18,1482,2021
CO,other_noninstitutional,18_25,4647,2021
CO,other_noninstitutional,26_34,3309,2021
CO,other_noninstitutional,35_44,2336,2021
CO,other_noninstitutional,45_54,2327,2021
CO,other_noninstitutional,55_64,3456,2021
CO,other_noninstitutional,65p,1077,2021
CO,other_noninstitutional,u18,1129,2021
CT,dorm_student,18_25,50935,2021
CT,institutional,18_25,1880,2021
CT,institutional,26_34,3467,2021
CT,institutional,35_44,5356,2021
CT,institutional,45_54,4180,2021
CT,institutional,55_64,3809,2021
CT,institutional,65p,18606,2021
CT,institutional,u18,1097,2021
CT,other_noninstitutional,18_25,3410,2021
CT,other_noninstitutional,26_34,2671,2021
CT,other_noninstitutional,35_44,1551,2021
CT,other_noninstitutional,45_54,3255,2021
CT,other_noninstitutional,55_64,3181,2021
CT,other_noninstitutional,65p,5251,2021
CT,other_noninstitutional,u18,488,2021
DC,dorm_student,18_25,22878,2021
DC,institutional,18_25,86,2021
DC,institutional,26_34,820,2021
DC,institutional,35_44,1279,2021
DC,institutional,45_54,451,2021
DC,institutional,55_64,1146,2021
DC,institutional,65p,1873,2021
DC,institutional,u18,125,2021
DC,other_noninstitutional,18_25,192,2021
DC,other_noninstitutional,26_34,1486,2021
DC,other_noninstitutional,35_44,1421,2021
DC,other_noninstitutional,45_54,2341,2021
DC,other_noninstitutional,55_64,2592,2021
DC,other_noninstitutional,65p,248,2021
DC,other_noninstitutional,u18,65,2021
DE,dorm_student,18_25,10245,2021
DE,institutional,18_25,1313,2021
DE,institutional,26_34,1903,2021
DE,institutional,35_44,1427,2021
DE,institutional,45_54,930,2021
DE,institutional,55_64,1295,2021
DE,institutional,65p,3637,2021
DE,institutional,u18,769,2021
DE,other_noninstitutional,18_25,490,2021
DE,other_noninstitutional,26_34,377,2021
DE,other_noninstitutional,35_44,537,2021
DE,other_noninstitutional,45_54,275,2021
DE,other_noninstitutional,55_64,93,2021
DE,other_noninstitutional,65p,613,2021
DE,other_noninstitutional,u18,501,2021
FL,dorm_student,18_25,96965,2021
FL,institutional,18_25,19666,2021
FL,institutional,26_34,48416,2021
FL,institutional,35_44,47425,2021
FL,institutional,45_54,28511,2021
FL,institutional,55_64,26233,2021
FL,institutional,65p,62197,2021
FL,institutional,u18,5302,2021
FL,other_noninstitutional,18_25,16882,2021
FL,other_noninstitutional,26_34,9064,2021
FL,other_noninstitutional,35_44,8488,2021
FL,other_noninstitutional,45_54,9054,2021
FL,other_noninstitutional,55_64,10960,2021
FL,other_noninstitutional,65p,20203,2021
FL,other_noninstitutional,u18,3093,2021
GA,dorm_student,18_25,87996,2021
GA,institutional,18_25,15458,2021
GA,institutional,26_34,29762,2021
GA,institutional,35_44,27675,2021
GA,institutional,45_54,15835,2021
GA,institutional,55_64,12096,2021
GA,institutional,65p,26903,2021
GA,institutional,u18,2724,2021
GA,other_noninstitutional,18_25,11953,2021
GA,other_noninstitutional,26_34,6433,2021
GA,other_noninstitutional,35_44,2988,2021
GA,other_noninstitutional,45_54,5341,2021
GA,other_noninstitutional,55_64,2827,2021
GA,other_noninstitutional,65p,2820,2021
GA,other_noninstitutional,u18,2657,2021
HI,dorm_student,18_25,6757,2021
HI,institutional,18_25,153,2021
HI,institutional,26_34,1883,2021
HI,institutional,35_44,2058,2021
HI,institutional,45_54,1080,2021
HI,institutional,55_64,1227,2021
HI,institutional,65p,3840,2021
HI,institutional,u18,155,2021
HI,other_noninstitutional,18_25,11921,2021
HI,other_noninstitutional,26_34,5684,2021
HI,other_noninstitutional,35_44,1178,2021
HI,other_noninstitutional,45_54,1159,2021
HI,other_noninstitutional,55_64,1306,2021
HI,other_noninstitutional,65p,2315,2021
HI,other_noninstitutional,u18,1420,2021
IA,dorm_student,18_25,45383,2021
IA,institutional,18_25,1985,2021
IA,institutional,26_34,3842,2021
IA,institutional,35_44,5305,2021
IA,institutional,45_54,3081,2021
IA,institutional,55_64,2097,2021
IA,institutional,65p,19110,2021
IA,institutional,u18,2119,2021
IA,other_noninstitutional,18_25,71,2021
IA,other_noninstitutional,26_34,1389,2021
IA,other_noninstitutional,35_44,1955,2021
IA,other_noninstitutional,45_54,2408,2021
IA,other_noninstitutional,55_64,978,2021
IA,other_noninstitutional,65p,1804,2021
IA,other_noninstitutional,u18,132,2021
ID,dorm_student,18_25,7427,2021
ID,institutional,18_25,1899,2021
ID,institutional,26_34,2678,2021
ID,institutional,35_44,4183,2021
ID,institutional,45_54,2003,2021
ID,institutional,55_64,1292,2021
ID,institutional,65p,3999,2021
ID,institutional,u18,861,2021
ID,other_noninstitutional,18_25,506,2021
ID,other_noninstitutional,26_34,734,2021
ID,other_noninstitutional,35_44,709,2021
ID,other_noninstitutional,45_54,420,2021
ID,other_noninstitutional,55_64,105,2021
ID,other_noninstitutional,65p,1540,2021
ID,other_noninstitutional,u18,606,2021
IL,dorm_student,18_25,89238,2021
IL,institutional,18_25,9229,2021
IL,institutional,26_34,21936,2021
IL,institutional,35_44,23714,2021
IL,institutional,45_54,18457,2021
IL,institutional,55_64,18600,2021
IL,institutional,65p,57785,2021
IL,institutional,u18,3086,2021
IL,other_noninstitutional,18_25,9186,2021
IL,other_noninstitutional,26_34,9152,2021
IL,other_noninstitutional,35_44,5191,2021
IL,other_noninstitutional,45_54,6692,2021
IL,other_noninstitutional,55_64,7242,2021
IL,other_noninstitutional,65p,9196,2021
IL,other_noninstitutional,u18,417,2021
IN,dorm_student,18_25,75594,2021
IN,institutional,18_25,6492,2021
IN,institutional,26_34,15384,2021
IN,institutional,35_44,15450,2021
IN,institutional,45_54,9765,2021
IN,institutional,55_64,8030,2021
IN,institutional,65p,32272,2021
IN,institutional,u18,3042,2021
IN,other_noninstitutional,18_25,1063,2021
IN,other_noninstitutional,26_34,3315,2021
IN,other_noninstitutional,35_44,1651,2021
IN,other_noninstitutional,45_54,1049,2021
IN,other_noninstitutional,55_64,4031,2021
IN,other_noninstitutional,65p,3391,2021
IN,other_noninstitutional,u18,1026,2021
KS,dorm_student,18_25,27140,2021
KS,institutional,18_25,3314,2021
KS,institutional,26_34,5777,2021
KS,institutional,35_44,4644,2021
KS,institutional,45_54,3595,2021
KS,institutional,55_64,2758,2021
KS,institutional,65p,16350,2021
KS,institutional,u18,1783,2021
KS,other_noninstitutional,18_25,4356,2021
KS,other_noninstitutional,26_34,1128,2021
KS,other_noninstitutional,35_44,421,2021
KS,other_noninstitutional,45_54,2277,2021
KS,other_noninstitutional,55_64,448,2021
KS,other_noninstitutional,65p,856,2021
KY,dorm_student,18_25,43470,2021
KY,institutional,18_25,3141,2021
KY,institutional,26_34,11506,2021
KY,institutional,35_44,12692,2021
KY,institutional,45_54,7781,2021
KY,institutional,55_64,5831,2021
KY,institutional,65p,18505,2021
KY,institutional,u18,2863,2021
KY,other_noninstitutional,18_25,7310,2021
KY,other_noninstitutional,26_34,3278,2021
KY,other_noninstitutional,35_44,2082,2021
KY,other_noninstitutional,45_54,1505,2021
KY,other_noninstitutional,55_64,3296,2021
KY,other_noninstitutional,65p,1635,2021
KY,other_noninstitutional,u18,270,2021
LA,dorm_student,18_25,26268,2021
LA,institutional,18_25,7436,2021
LA,institutional,26_34,16987,2021
LA,institutional,35_44,19155,2021
LA,institutional,45_54,11384,2021
LA,institutional,55_64,7585,2021
LA,institutional,65p,17760,2021
LA,institutional,u18,1409,2021
LA,other_noninstitutional,18_25,2666,2021
LA,other_noninstitutional,26_34,2980,2021
LA,other_noninstitutional,35_44,1742,2021
LA,other_noninstitutional,45_54,1473,2021
LA,other_noninstitutional,55_64,2860,2021
LA,other_noninstitutional,65p,1746,2021
LA,other_noninstitutional,u18,297,2021
MA,dorm_student,18_25,148208,2021
MA,institutional,18_25,4954,2021
MA,institutional,26_34,6298,2021
MA,institutional,35_44,4950,2021
MA,institutional,45_54,4533,2021
MA,institutional,55_64,5709,2021
MA,institutional,65p,34529,2021
MA,institutional,u18,2140,2021
MA,other_noninstitutional,18_25,3382,2021
MA,other_noninstitutional,26_34,8364,2021
MA,other_noninstitutional,35_44,3969,2021
MA,other_noninstitutional,45_54,5829,2021
MA,other_noninstitutional,55_64,3611,2021
MA,other_noninstitutional,65p,8238,2021
MA,other_noninstitutional,u18,2008,2021
MD,dorm_student,18_25,50416,2021
MD,institutional,18_25,7251,2021
MD,institutional,26_34,11768,2021
MD,institutional,35_44,9910,2021
MD,institutional,45_54,7589,2021
MD,institutional,55_64,5820,2021
MD,institutional,65p,20171,2021
MD,institutional,u18,1327,2021
MD,other_noninstitutional,18_25,6140,2021
MD,other_noninstitutional,26_34,3539,2021
MD,other_noninstitutional,35_44,1973,2021
MD,other_noninstitutional,45_54,1964,2021
MD,other_noninstitutional,55_64,4246,2021
MD,other_noninstitutional,65p,5115,2021
MD,other_noninstitutional,u18,525,2021
ME,dorm_student,18_25,16627,2021
ME,institutional,18_25,304,2021
ME,institutional,26_34,1622,2021
ME,institutional,35_44,1118,2021
ME,institutional,45_54,243,2021
ME,institutional,55_64,1649,2021
ME,institutional,65p,7307,2021
ME,institutional,u18,782,2021
ME,other_noninstitutional,18_25,97,2021
ME,other_noninstitutional,26_34,433,2021
ME,other_noninstitutional,35_44,1154,2021
ME,other_noninstitutional,45_54,858,2021
ME,other_noninstitutional,55_64,663,2021
ME,other_noninstitutional,65p,2174,2021
ME,other_noninstitutional,u18,138,2021
MI,dorm_student,18_25,71625,2021
MI,institutional,18_25,6589,2021
MI,institutional,26_34,12217,2021
MI,institutional,35_44,16069,2021
MI,institutional,45_54,10071,2021
MI,institutional,55_64,10290,2021
MI,institutional,65p,35983,2021
MI,institutional,u18,3377,2021
MI,other_noninstitutional,18_25,1363,2021
MI,other_noninstitutional,26_34,8682,2021
MI,other_noninstitutional,35_44,6635,2021
MI,other_noninstitutional,45_54,5793,2021
MI,other_noninstitutional,55_64,11025,2021
MI,other_noninstitutional,65p,10645,2021
MI,other_noninstitutional,u18,1385,2021
MN,dorm_student,18_25,45326,2021
MN,institutional,18_25,2645,2021
MN,institutional,26_34,5353,2021
MN,institutional,35_44,6289,2021
MN,institutional,45_54,4069,2021
MN,institutional,55_64,4403,2021
MN,institutional,65p,26230,2021
MN,institutional,u18,2055,2021
MN,other_noninstitutional,18_25,2172,2021
MN,other_noninstitutional,26_34,2571,2021
MN,other_noninstitutional,35_44,3893,2021
MN,other_noninstitutional,45_54,5114,2021
MN,other_noninstitutional,55_64,5300,2021
MN,other_noninstitutional,65p,5166,2021
MN,other_noninstitutional,u18,3362,2021
MO,dorm_student,18_25,57090,2021
MO,institutional,18_25,5201,2021
MO,institutional,26_34,9449,2021
MO,institutional,35_44,9640,2021
MO,institutional,45_54,7245,2021
MO,institutional,55_64,10434,2021
MO,institutional,65p,32554,2021
MO,institutional,u18,4417,2021
MO,other_noninstitutional,18_25,4640,2021
MO,other_noninstitutional,26_34,4621,2021
MO,other_noninstitutional,35_44,2453,2021
MO,other_noninstitutional,45_54,4453,2021
MO,other_noninstitutional,55_64,2509,2021
MO,other_noninstitutional,65p,3187,2021
MO,other_noninstitutional,u18,224,2021
MS,dorm_student,18_25,24844,2021
MS,institutional,18_25,3974,2021
MS,institutional,26_34,11272,2021
MS,institutional,35_44,10042,2021
MS,institutional,45_54,6509,2021
MS,institutional,55_64,5377,2021
MS,institutional,65p,10561,2021
MS,institutional,u18,2047,2021
MS,other_noninstitutional,18_25,3516,2021
MS,other_noninstitutional,26_34,981,2021
MS,other_noninstitutional,35_44,936,2021
MS,other_noninstitutional,55_64,749,2021
MS,other_noninstitutional,65p,3232,2021
MS,other_noninstitutional,u18,293,2021
MT,dorm_student,18_25,8608,2021
MT,institutional,18_25,735,2021
MT,institutional,26_34,1692,2021
MT,institutional,35_44,1563,2021
MT,institutional,45_54,1263,2021
MT,institutional,55_64,983,2021
MT,institutional,65p,3955,2021
MT,institutional,u18,907,2021
MT,other_noninstitutional,18_25,1598,2021
MT,other_noninstitutional,26_34,1387,2021
MT,other_noninstitutional,35_44,635,2021
MT,other_noninstitutional,45_54,713,2021
MT,other_noninstitutional,55_64,2535,2021
MT,other_noninstitutional,65p,369,2021
MT,other_noninstitutional,u18,307,2021
NC,dorm_student,18_25,104239,2021
NC,institutional,18_25,8410,2021
NC,institutional,26_34,14952,2021
NC,institutional,35_44,13753,2021
NC,institutional,45_54,11912,2021
NC,institutional,55_64,10081,2021
NC,institutional,65p,33334,2021
NC,institutional,u18,1324,2021
NC,other_noninstitutional,18_25,36362,2021
NC,other_noninstitutional,26_34,6384,2021
NC,other_noninstitutional,35_44,5728,2021
NC,other_noninstitutional,45_54,3642,2021
NC,other_noninstitutional,55_64,5356,2021
NC,other_noninstitutional,65p,4413,2021
NC,other_noninstitutional,u18,1020,2021
ND,dorm_student,18_25,11846,2021
ND,institutional,18_25,402,2021
ND,institutional,26_34,1026,2021
ND,institutional,35_44,641,2021
ND,institutional,45_54,658,2021
ND,institutional,55_64,896,2021
ND,institutional,65p,5040,2021
ND,institutional,u18,164,2021
ND,other_noninstitutional,18_25,859,2021
ND,other_noninstitutional,26_34,770,2021
ND,other_noninstitutional,35_44,430,2021
ND,other_noninstitutional,45_54,138,2021
ND,other_noninstitutional,55_64,180,2021
ND,other_noninstitutional,65p,616,2021
ND,other_noninstitutional,u18,125,2021
NE,dorm_student,18_25,22434,2021
NE,institutional,18_25,1915,2021
NE,institutional,26_34,3349,2021
NE,institutional,35_44,2606,2021
NE,institutional,45_54,1016,2021
NE,institutional,55_64,1450,2021
NE,institutional,65p,9579,2021
NE,institutional,u18,1045,2021
NE,other_noninstitutional,18_25,846,2021
NE,other_noninstitutional,26_34,768,2021
NE,other_noninstitutional,35_44,684,2021
NE,other_noninstitutional,45_54,347,2021
NE,other_noninstitutional,55_64,1270,2021
NE,other_noninstitutional,65p,611,2021
NE,other_noninstitutional,u18,219,2021
NH,dorm_student,18_25,22330,2021
NH,institutional,18_25,644,2021
NH,institutional,26_34,1370,2021
NH,institutional,35_44,1488,2021
NH,institutional,45_54,958,2021
NH,institutional,55_64,1783,2021
NH,institutional,65p,6719,2021
NH,institutional,u18,283,2021
NH,other_noninstitutional,18_25,182,2021
NH,other_noninstitutional,26_34,560,2021
NH,other_noninstitutional,35_44,686,2021
NH,other_noninstitutional,45_54,407,2021
NH,other_noninstitutional,55_64,518,2021
NH,other_noninstitutional,65p,1407,2021
NH,other_noninstitutional,u18,141,2021
NJ,dorm_student,18_25,57464,2021
NJ,institutional,18_25,9006,2021
NJ,institutional,26_34,11103,2021
NJ,institutional,35_44,12536,2021
NJ,institutional,45_54,8421,2021
NJ,institutional,55_64,10947,2021
NJ,institutional,65p,36404,2021
NJ,institutional,u18,3896,2021
NJ,other_noninstitutional,18_25,4200,2021
NJ,other_noninstitutional,26_34,5285,2021
NJ,other_noninstitutional,35_44,3433,2021
NJ,other_noninstitutional,45_54,4476,2021
NJ,other_noninstitutional,55_64,6594,2021
NJ,other_noninstitutional,65p,7640,2021
NJ,other_noninstitutional,u18,1491,2021
NM,dorm_student,18_25,7694,2021
NM,institutional,18_25,3134,2021
NM,institutional,26_34,7603,2021
NM,institutional,35_44,3847,2021
NM,institutional,45_54,3632,2021
NM,institutional,55_64,1345,2021
NM,institutional,65p,3993,2021
NM,institutional,u18,480,2021
NM,other_noninstitutional,18_25,3333,2021
NM,other_noninstitutional,26_34,1378,2021
NM,other_noninstitutional,35_44,561,2021
NM,other_noninstitutional,45_54,1228,2021
NM,other_noninstitutional,55_64,1402,2021
NM,other_noninstitutional,65p,806,2021
NM,other_noninstitutional,u18,462,2021
NV,dorm_student,18_25,4112,2021
NV,institutional,18_25,2988,2021
NV,institutional,26_34,6041,2021
NV,institutional,35_44,4799,2021
NV,institutional,45_54,3814,2021
NV,institutional,55_64,2748,2021
NV,institutional,65p,4047,2021
NV,institutional,u18,761,2021
NV,other_noninstitutional,18_25,1059,2021
NV,other_noninstitutional,35_44,39,2021
NV,other_noninstitutional,45_54,720,2021
NV,other_noninstitutional,55_64,1843,2021
NV,other_noninstitutional,65p,1800,2021
NV,other_noninstitutional,u18,49,2021
NY,dorm_student,18_25,220649,2021
NY,institutional,18_25,13515,2021
NY,institutional,26_34,25992,2021
NY,institutional,35_44,28971,2021
NY,institutional,45_54,18819,2021
NY,institutional,55_64,21670,2021
NY,institutional,65p,92049,2021
NY,institutional,u18,6097,2021
NY,other_noninstitutional,18_25,16099,2021
NY,other_noninstitutional,26_34,30950,2021
NY,other_noninstitutional,35_44,25702,2021
NY,other_noninstitutional,45_54,18592,2021
NY,other_noninstitutional,55_64,19956,2021
NY,other_noninstitutional,65p,20105,2021
NY,other_noninstitutional,u18,10839,2021
OH,dorm_student,18_25,113554,2021
OH,institutional,18_25,9434,2021
OH,institutional,26_34,24005,2021
OH,institutional,35_44,23841,2021
OH,institutional,45_54,14863,2021
OH,institutional,55_64,17524,2021
OH,institutional,65p,61360,2021
OH,institutional,u18,3528,2021
OH,other_noninstitutional,18_25,2604,2021
OH,other_noninstitutional,26_34,4369,2021
OH,other_noninstitutional,35_44,4981,2021
OH,other_noninstitutional,45_54,6814,2021
OH,other_noninstitutional,55_64,5869,2021
OH,other_noninstitutional,65p,5710,2021
OH,other_noninstitutional,u18,2904,2021
OK,dorm_student,18_25,29798,2021
OK,institutional,18_25,3281,2021
OK,institutional,26_34,11891,2021
OK,institutional,35_44,11323,2021
OK,institutional,45_54,6278,2021
OK,institutional,55_64,7834,2021
OK,institutional,65p,14662,2021
OK,institutional,u18,1307,2021
OK,other_noninstitutional,18_25,7508,2021
OK,other_noninstitutional,26_34,2437,2021
OK,other_noninstitutional,35_44,781,2021
OK,other_noninstitutional,45_54,559,2021
OK,other_noninstitutional,55_64,1436,2021
OK,other_noninstitutional,65p,1805,2021
OK,other_noninstitutional,u18,989,2021
OR,dorm_student,18_25,26728,2021
OR,institutional,18_25,3076,2021
OR,institutional,26_34,6630,2021
OR,institutional,35_44,7021,2021
OR,institutional,45_54,3348,2021
OR,institutional,55_64,4622,2021
OR,institutional,65p,9726,2021
OR,institutional,u18,1068,2021
OR,other_noninstitutional,18_25,2752,2021
OR,other_noninstitutional,26_34,2510,2021
OR,other_noninstitutional,35_44,2449,2021
OR,other_noninstitutional,45_54,4107,2021
OR,other_noninstitutional,55_64,1618,2021
OR,other_noninstitutional,65p,8523,2021
OR,other_noninstitutional,u18,1106,2021
PA,dorm_student,18_25,167017,2021
PA,institutional,18_25,12812,2021
PA,institutional,26_34,28047,2021
PA,institutional,35_44,29734,2021
PA,institutional,45_54,18686,2021
PA,institutional,55_64,18195,2021
PA,institutional,65p,74552,2021
PA,institutional,u18,7304,2021
PA,other_noninstitutional,18_25,3572,2021
PA,other_noninstitutional,26_34,8207,2021
PA,other_noninstitutional,35_44,7680,2021
PA,other_noninstitutional,45_54,8972,2021
PA,other_noninstitutional,55_64,9540,2021
PA,other_noninstitutional,65p,13840,2021
PA,other_noninstitutional,u18,2351,2021
RI,dorm_student,18_25,25803,2021
RI,institutional,18_25,157,2021
RI,institutional,26_34,1215,2021
RI,institutional,35_44,934,2021
RI,institutional,45_54,578,2021
RI,institutional,55_64,936,2021
RI,institutional,65p,7214,2021
RI,institutional,u18,412,2021
RI,other_noninstitutional,18_25,1260,2021
RI,other_noninstitutional,26_34,1108,2021
RI,other_noninstitutional,35_44,310,2021
RI,other_noninstitutional,45_54,428,2021
RI,other_noninstitutional,55_64,566,2021
RI,other_noninstitutional,65p,583,2021
RI,other_noninstitutional,u18,292,2021
SC,dorm_student,18_25,46398,2021
SC,institutional,18_25,3270,2021
SC,institutional,26_34,7639,2021
SC,institutional,35_44,11186,2021
SC,institutional,45_54,6535,2021
SC,institutional,55_64,4798,2021
SC,institutional,65p,14089,2021
SC,institutional,u18,2190,2021
SC,other_noninstitutional,18_25,13507,2021
SC,other_noninstitutional,26_34,5461,2021
SC,other_noninstitutional,35_44,1308,2021
SC,other_noninstitutional,45_54,1305,2021
SC,other_noninstitutional,55_64,2057,2021
SC,other_noninstitutional,65p,556,2021
SC,other_noninstitutional,u18,1295,2021
SD,dorm_student,18_25,9341,2021
SD,institutional,18_25,770,2021
SD,institutional,26_34,1915,2021
SD,institutional,35_44,2260,2021
SD,institutional,45_54,773,2021
SD,institutional,55_64,969,2021
SD,institutional,65p,5682,2021
SD,institutional,u18,1242,2021
SD,other_noninstitutional,18_25,2127,2021
SD,other_noninstitutional,26_34,1210,2021
SD,other_noninstitutional,35_44,1835,2021
SD,other_noninstitutional,45_54,377,2021
SD,other_noninstitutional,55_64,1867,2021
SD,other_noninstitutional,65p,1155,2021
SD,other_noninstitutional,u18,46,2021
TN,dorm_student,18_25,50487,2021
TN,institutional,18_25,8303,2021
TN,institutional,26_34,14237,2021
TN,institutional,35_44,15518,2021
TN,institutional,45_54,10308,2021
TN,institutional,55_64,7642,2021
TN,institutional,65p,24146,2021
TN,institutional,u18,2725,2021
TN,other_noninstitutional,18_25,3161,2021
TN,other_noninstitutional,26_34,1986,2021
TN,other_noninstitutional,35_44,2336,2021
TN,other_noninstitutional,45_54,2759,2021
TN,other_noninstitutional,55_64,4182,2021
TN,other_noninstitutional,65p,1803,2021
TN,other_noninstitutional,u18,665,2021
TX,dorm_student,18_25,141397,2021
TX,institutional,18_25,32962,2021
TX,institutional,26_34,66108,2021
TX,institutional,35_44,76658,2021
TX,institutional,45_54,51324,2021
TX,institutional,55_64,35840,2021
TX,institutional,65p,65495,2021
TX,institutional,u18,8671,2021
TX,other_noninstitutional,18_25,33364,2021
TX,other_noninstitutional,26_34,9330,2021
TX,other_noninstitutional,35_44,8052,2021
TX,other_noninstitutional,45_54,6774,2021
TX,other_noninstitutional,55_64,10286,2021
TX,other_noninstitutional,65p,11713,2021
TX,other_noninstitutional,u18,4196,2021
UT,dorm_student,18_25,16933,2021
UT,institutional,18_25,1728,2021
UT,institutional,26_34,3844,2021
UT,institutional,35_44,3610,2021
UT,institutional,45_54,1996,2021
UT,institutional,55_64,2456,2021
UT,institutional,65p,4464,2021
UT,institutional,u18,2597,2021
UT,other_noninstitutional,18_25,1540,2021
UT,other_noninstitutional,26_34,1504,2021
UT,other_noninstitutional,35_44,1169,2021
UT,other_noninstitutional,45_54,2039,2021
UT,other_noninstitutional,55_64,1310,2021
UT,other_noninstitutional,65p,1797,2021
UT,other_noninstitutional,u18,70,2021
VA,dorm_student,18_25,88649,2021
VA,institutional,18_25,6510,2021
VA,institutional,26_34,20384,2021
VA,institutional,35_44,19903,2021
VA,institutional,45_54,10994,2021
VA,institutional,55_64,9712,2021
VA,institutional,65p,21517,2021
VA,institutional,u18,2949,2021
VA,other_noninstitutional,18_25,32609,2021
VA,other_noninstitutional,26_34,6733,2021
VA,other_noninstitutional,35_44,3987,2021
VA,other_noninstitutional,45_54,2419,2021
VA,other_noninstitutional,55_64,3843,2021
VA,other_noninstitutional,65p,3114,2021
VA,other_noninstitutional,u18,1454,2021
VT,dorm_student,18_25,17644,2021
VT,institutional,18_25,45,2021
VT,institutional,26_34,482,2021
VT,institutional,35_44,407,2021
VT,institutional,45_54,190,2021
VT,institutional,55_64,482,2021
VT,institutional,65p,3289,2021
VT,institutional,u18,133,2021
VT,other_noninstitutional,18_25,142,2021
VT,other_noninstitutional,26_34,64,2021
VT,other_noninstitutional,35_44,295,2021
VT,other_noninstitutional,45_54,168,2021
VT,other_noninstitutional,55_64,108,2021
VT,other_noninstitutional,65p,1920,2021
VT,other_noninstitutional,u18,363,2021
WA,dorm_student,18_25,42213,2021
WA,institutional,18_25,2944,2021
WA,institutional,26_34,10406,2021
WA,institutional,35_44,11101,2021
WA,institutional,45_54,5426,2021
WA,institutional,55_64,4133,2021
WA,institutional,65p,19017,2021
WA,institutional,u18,1702,2021
WA,other_noninstitutional,18_25,13557,2021
WA,other_noninstitutional,26_34,6055,2021
WA,other_noninstitutional,35_44,4472,2021
WA,other_noninstitutional,45_54,4799,2021
WA,other_noninstitutional,55_64,5706,2021
WA,other_noninstitutional,65p,9242,2021
WA,other_noninstitutional,u18,2831,2021
WI,dorm_student,18_25,56869,2021
WI,institutional,18_25,6416,2021
WI,institutional,26_34,11333,2021
WI,institutional,35_44,10098,2021
WI,institutional,45_54,6526,2021
WI,institutional,55_64,5182,2021
WI,institutional,65p,22096,2021
WI,institutional,u18,1894,2021
WI,other_noninstitutional,18_25,840,2021
WI,other_noninstitutional,26_34,2231,2021
WI,other_noninstitutional,35_44,2503,2021
WI,other_noninstitutional,45_54,1767,2021
WI,other_noninstitutional,55_64,4064,2021
WI,other_noninstitutional,65p,6510,2021
WI,other_noninstitutional,u18,95,2021
WV,dorm_student,18_25,15816,2021
WV,institutional,18_25,1170,2021
WV,institutional,26_34,5689,2021
WV,institutional,35_44,4815,2021
WV,institutional,45_54,2914,2021
WV,institutional,55_64,1995,2021
WV,institutional,65p,7464,2021
WV,institutional,u18,1017,2021
WV,other_noninstitutional,18_25,62,2021
WV,other_noninstitutional,26_34,681,2021
WV,other_noninstitutional,35_44,591,2021
WV,other_noninstitutional,45_54,378,2021
WV,other_noninstitutional,55_64,708,2021
WV,other_noninstitutional,65p,350,2021
WV,other_noninstitutional,u18,323,2021
WY,dorm_student,18_25,4158,2021
WY,institutional,18_25,218,2021
WY,institutional,26_34,1663,2021
WY,institutional,35_44,851,2021
WY,institutional,45_54,265,2021
WY,institutional,55_64,79,2021
WY,institutional,65p,2627,2021
WY,institutional,u18,341,2021
WY,other_noninstitutional,18_25,1207,2021
WY,other_noninstitutional,26_34,553,2021
WY,other_noninstitutional,35_44,127,2021
WY,other_noninstitutional,45_54,306,2021
WY,other_noninstitutional,55_64,203,2021
WY,other_noninstitutional,65p,296,2021
