scenario,year,conv_iit,convnw_iit,conv_pr,convnw_pr,conv_wealth,convnw_wealth,conv_estate,convnw_estate,dY_exog
s_corp_r28,2027,2575.4526464138,2575.53048026139,1766.02275015154,1766.02406017139,0,0,37.2390749847407,37.2426121610822,-13.8432759709622
s_corp_r28,2028,2650.95999040465,2651.10604742267,1837.11940376129,1837.12165620494,0,0,39.1993698622987,39.207144654179,-14.3690202835741
s_corp_r28,2029,2813.99498518747,2814.21613946604,1913.89424840501,1913.89767251589,0,0,41.0108228777999,41.0242553985518,-15.0145740981109
s_corp_r28,2030,2983.71537417784,2984.02022394702,1990.21253101191,1990.21737111322,0,0,43.2803406598855,43.3003623880744,-16.3584837878842
s_corp_r28,2031,3122.92739170172,3123.32117388232,2069.58701429709,2069.59325868342,0,0,45.7156010948943,45.7433609571339,-17.3752974198002
s_corp_r28,2032,3271.37142805915,3271.85688261437,2149.5411242568,2149.54870932504,0,0,48.0429872022834,48.0775642579539,-18.3825530338464
s_corp_r28,2033,3422.47542006991,3423.06453084747,2231.26523565324,2231.27427227374,0,0,50.5085860628239,50.5552751790113,-19.3460100829737
s_corp_r28,2034,3584.85507007894,3585.55646983356,2315.65558118904,2315.66612627148,0,0,53.1682997872706,53.2184640914966,-20.1344676803808
s_corp_r28,2035,3756.01580757376,3756.83809779642,2404.08519940326,2404.09710986707,0,0,56.0056403555608,56.0778138137727,-20.8526932288646
s_corp_r28,2036,3941.30187322174,3942.24988500069,2496.09611846073,2496.10977177477,0,0,59.1678652334921,59.2560463452126,-21.9713536889068
s_corp_r28,2037,4123.64289209031,4124.71610706242,2593.65672912353,2593.67184949929,0,0,61.7659710148408,61.8707121370077,-22.898509395228
s_corp_r28,2038,4324.78884872498,4326.0046688596,2694.19795987868,2694.21486233779,0,0,64.8020189880683,64.9255109475661,-23.8230458886634
s_corp_r28,2039,4526.89747337182,4528.26456008758,2799.41246186332,2799.43138964963,0,0,67.3327227136476,67.4711194345028,-24.7833796427313
s_corp_r28,2040,4740.70741404744,4742.23158386943,2908.96173788476,2908.9827309322,0,0,70.4286909096702,70.5928263897913,-25.7925740710566
s_corp_r28,2041,4958.56465288383,4960.25578305482,3022.65826996435,3022.68095673973,0,0,73.7139695345276,73.9045217023512,-26.8202520068439
s_corp_r28,2042,5200.33244385901,5202.2055963184,3140.78432203838,3140.8088378604,0,0,77.2056089377584,77.4222711623044,-27.8960709327829
s_corp_r28,2043,5445.55484324085,5447.62018912849,3262.35981244134,3262.38632525323,0,0,80.5417306115625,80.7886270125831,-29.0124698157852
s_corp_r28,2044,5696.2565381252,5698.52332727193,3387.39810609422,3387.42698465164,0,0,83.9866377676242,84.1323477417134,-30.1935131156798
s_corp_r28,2045,5958.70067939696,5961.17145014851,3515.1222898283,3515.15308100622,0,0,86.7117184733774,86.9798588979539,-31.4153804526242
s_corp_r28,2046,6224.98444297159,6227.67637687026,3645.61881899394,3645.65218103334,0,0,90.0636190091887,90.3869264868172,-32.6457337161286
s_corp_r28,2047,6503.22683483498,6506.15205472804,3778.36907812794,3778.40472591524,0,0,93.8915148011386,94.2860893226063,-33.9270427392604
s_corp_r28,2048,6796.3967121647,6799.55990257409,3916.78460089733,3916.82247357869,0,0,97.5131025806962,97.9569507431864,-35.2297844355401
s_corp_r28,2049,7093.7711919696,7097.20296101344,4058.97729415881,4059.0178972462,0,0,101.448567406996,101.94451235099,-36.5654816584491
s_corp_r28,2050,7405.56598126912,7409.26507194605,4207.52794601615,4207.57121035802,0,0,105.039675026687,105.58872190363,-37.940178884461
s_corp_r28,2051,7735.23524679882,7739.21724444926,4360.14744492352,4360.19344585514,0,0,108.920301046625,109.524827156755,-39.3718028562327
s_corp_r28,2052,8092.71361092388,8096.99913663575,4518.51893212842,4518.56763429567,0,0,113.159216367296,113.827404237128,-40.8462818332667
s_corp_r28,2053,8437.04476218519,8441.63155145763,4680.14519145719,4680.19693999207,0,0,116.785838537111,117.512658222335,-42.3748677017283
s_corp_r28,2054,8807.62092467566,8812.54514533577,4846.41969510441,4846.47443935664,0,0,120.814681527188,121.614644321616,-43.9693344050488
s_corp_r28,2055,9189.7867950731,9195.05946489464,5018.89417205929,5018.95245557169,0,0,125.270376803286,126.132763836096,-45.6494203920028
s_corp_r28,2056,9586.92785187845,9592.54670644693,5196.47389655288,5196.53545242748,0,0,126.535648824485,127.365495318026,-47.3593935102224
s_corp_r28,2057,9993.01105996566,9999.01542483667,5381.36891660664,5381.43443915043,0,0,131.104255630148,132.113520747412,-49.1189941340961
s_cg_r30,2027,2611.22090922241,2611.482029866,1765.79033200599,1765.79148329439,0,0,37.8776240836853,37.8916025084317,0
s_cg_r30,2028,2686.53680532744,2687.02609442733,1836.8839526243,1836.88603553554,0,0,39.6006998471202,39.6305753013469,0
s_cg_r30,2029,2850.3049805778,2851.02556371476,1913.65591470588,1913.65895093882,0,0,41.7206489702857,41.7688047160885,0
s_cg_r30,2030,3020.15316014175,3021.10515144992,1989.96892103971,1989.97309802412,0,0,43.9983586570273,44.0675852355646,0
s_cg_r30,2031,3160.33618159345,3161.54074212296,2069.34060785307,2069.3465026562,0,0,46.2515156387084,46.3443270925839,0
s_cg_r30,2032,3310.17772638318,3311.64494641253,2149.29010380941,2149.29724448577,0,0,48.6843700959846,48.7942219551199,0
s_cg_r30,2033,3463.5670554492,3465.32365936375,2231.00991249716,2231.01833105523,0,0,51.2540495420889,51.3632641288215,0
s_cg_r30,2034,3627.28607599454,3629.34545685101,2315.40214088329,2315.41192572605,0,0,53.9255022815854,54.107380926697,0
s_cg_r30,2035,3800.29299140232,3802.67196555271,2403.82550874575,2403.83661855726,0,0,56.8108593659099,57.0295974029406,0
s_cg_r30,2036,3987.91442709102,3990.62767824474,2495.83706174224,2495.84985036711,0,0,59.9640129457511,60.1981180990607,0
s_cg_r30,2037,4171.83004942531,4174.88449130456,2593.3943699617,2593.40880374119,0,0,62.3035818990335,62.6244210554594,0
s_cg_r30,2038,4374.05426140612,4377.47387067423,2693.93308810133,2693.94953936783,0,0,65.4687793572728,65.8376735070878,0
s_cg_r30,2039,4579.06667903506,4582.88253280411,2799.14718768338,2799.16551941268,0,0,68.0414811470762,68.4086628423419,0
s_cg_r30,2040,4794.39594269214,4798.61648350549,2908.69316677247,2908.71350341632,0,0,71.2277016516232,71.6024430513815,0
s_cg_r30,2041,5015.74391751018,5020.41950327644,3022.38374004855,3022.40626485555,0,0,74.4943876010774,74.9961421212162,0
s_cg_r30,2042,5258.09001184462,5263.19799034384,3140.50814003866,3140.53249311736,0,0,77.9725861560637,78.5533219704297,0
s_cg_r30,2043,5504.78171609093,5510.35030903441,3262.08077637965,3262.10749718938,0,0,81.2951788204851,82.037838851226,0
s_cg_r30,2044,5760.14899227734,5766.2118372912,3387.11598094597,3387.14515778401,0,0,84.6876271102214,84.7837458970608,0
s_cg_r30,2045,6023.25243627466,6029.80484068685,3514.83520307872,3514.86661851556,0,0,87.408972631497,88.2910783207215,0
s_cg_r30,2046,6291.22216847164,6298.28725440967,3645.32950814746,3645.3634791248,0,0,90.8482595147271,91.7417852433288,0
s_cg_r30,2047,6573.1421183065,6580.76134654353,3778.07258664284,3778.10923603822,0,0,94.5073594569335,95.5126486088545,0
s_cg_r30,2048,6868.59449231962,6876.7726368966,3916.47952047867,3916.51831325126,0,0,98.1053866272977,99.2338252801023,0
s_cg_r30,2049,7167.51044235406,7176.27397788317,4058.66849952026,4058.7097093032,0,0,102.034770182447,103.439574650139,0
s_cg_r30,2050,7481.91825175945,7491.27873849707,4207.22001894161,4207.26387420174,0,0,105.518896334215,107.108856189654,0
s_cg_r30,2051,7815.09343663241,7825.0950272714,4359.8288235501,4359.87554351033,0,0,109.336732427171,111.086825004744,0
s_cg_r30,2052,8174.3974427003,8185.03416549796,4518.19505308094,4518.24471109369,0,0,113.133873138915,115.034446661057,0
s_cg_r30,2053,8522.32416555215,8533.64728853964,4679.81799338222,4679.87077920908,0,0,117.051949514555,119.174570501137,0
s_cg_r30,2054,8894.44123371934,8906.48323322798,4846.10173020448,4846.15741401972,0,0,120.971088051157,123.267717095921,0
s_cg_r30,2055,9281.6117246937,9294.43107042787,5018.54799293887,5018.60732159093,0,0,123.915988635658,126.384435605798,0
s_cg_r30,2056,9680.04606268403,9693.58530536163,5196.1236384812,5196.18583621522,0,0,126.38841808104,129.068222811757,0
s_cg_r30,2057,10087.2159823086,10101.5316458579,5381.01302707838,5381.07916676533,0,0,130.971915101511,133.954535006988,0
pc_corpr35_cgr30,2027,2620.85423118923,2621.27722183067,1766.37789531155,1766.38187295545,0,0,36.6273421560964,36.6459929971525,-26.4461695041593
pc_corpr35_cgr30,2028,2697.4218776353,2698.2120300473,1837.476142067,1837.48307253272,0,0,38.6828377679361,38.7275596503523,-27.4505504929042
pc_corpr35_cgr30,2029,2864.20471266395,2865.38035279927,1914.26888903225,1914.27925446817,0,0,40.3145308954081,40.3870280279983,-28.6838153385309
pc_corpr35_cgr30,2030,3035.41163507084,3036.99015359665,1990.59480823109,1990.60925833122,0,0,42.5074518702879,42.6140436413603,-31.2512179915286
pc_corpr35_cgr30,2031,3177.06848788385,3179.08357690243,2069.97883680344,2069.99790676049,0,0,44.8365153523648,44.9818272576314,-33.1937369242
pc_corpr35_cgr30,2032,3328.26837095035,3330.7354768707,2149.94070993445,2149.96381782737,0,0,47.1108967031746,47.2992154471302,-35.1179962367328
pc_corpr35_cgr30,2033,3482.84002131448,3485.81174700931,2231.67340119528,2231.70085596041,0,0,49.5082845077116,49.7393059187772,-36.958582849659
pc_corpr35_cgr30,2034,3647.97329260966,3651.47881731009,2316.07379883782,2316.1058201953,0,0,52.0801516125384,52.3672839542894,-38.4648508249279
pc_corpr35_cgr30,2035,3822.40017558511,3826.47780742109,2404.51518674433,2404.55144875617,0,0,54.8388796558562,55.1974284557483,-39.8369476203155
pc_corpr35_cgr30,2036,4011.0335692218,4015.70954916907,2496.53331744982,2496.57493463548,0,0,57.9095588892261,58.3245941029603,-41.9740345501672
pc_corpr35_cgr30,2037,4195.75227297134,4201.03345029079,2594.10392970577,2594.1502814016,0,0,60.5450398362633,60.9782933396473,-43.7452711431201
pc_corpr35_cgr30,2038,4398.98637762649,4404.92160519976,2694.6568913267,2694.70790333762,0,0,63.3926968570001,63.9187734352363,-45.5115039964901
pc_corpr35_cgr30,2039,4604.97060524148,4611.61902772284,2799.88570001956,2799.94270870146,0,0,66.0336652571397,66.4437689002632,-47.3461238721552
pc_corpr35_cgr30,2040,4821.50886555474,4828.88639716628,2909.44515771389,2909.50848063701,0,0,68.8397295515918,69.6372837551992,-49.2740870919973
pc_corpr35_cgr30,2041,5043.93955050524,5052.11379488475,3023.15636177524,3023.22529486187,0,0,71.9914256969543,72.8418087886979,-51.2373611712348
pc_corpr35_cgr30,2042,5287.36559767248,5296.33173787454,3141.29113714819,3141.36565028453,0,0,75.2862034458761,76.283552149079,-53.2926037114285
pc_corpr35_cgr30,2043,5535.27892946046,5545.10340542449,3262.8800384444,3262.96083540732,0,0,78.6989867058484,79.7051623341892,-55.425370128573
pc_corpr35_cgr30,2044,5791.58823619686,5802.32850044308,3387.93049659575,3388.01864588943,0,0,81.7680191060269,83.0555215707495,-57.6816331234221
pc_corpr35_cgr30,2045,6056.0843216351,6067.72510975872,3515.66902306269,3515.76340255928,0,0,84.6051317446656,85.8134669196428,-60.0158862851884
pc_corpr35_cgr30,2046,6325.36358418035,6337.97662323426,3646.18213081662,3646.28446123076,0,0,87.5722473335008,89.1100370467557,-62.3663509457857
pc_corpr35_cgr30,2047,6608.47423141569,6622.12019055126,3778.94987580197,3779.05935750116,0,0,91.0805198085234,92.968710074931,-64.8141613978805
pc_corpr35_cgr30,2048,6905.36494643086,6920.04801551775,3917.37771791911,3917.49401906019,0,0,94.5223681466138,96.5906867718384,-67.3029167901885
pc_corpr35_cgr30,2049,7205.76122397372,7221.58597558553,4059.58632465569,4059.7110636971,0,0,98.2447919189505,100.57934455958,-69.854630361267
pc_corpr35_cgr30,2050,7521.67179294142,7538.63716436444,4208.15927543181,4208.29205190075,0,0,101.944586404087,104.137372941055,-72.4808494680932
pc_corpr35_cgr30,2051,7856.25974839782,7874.47373630914,4360.79016702381,4360.93149471026,0,0,105.234810203393,108.036212763268,-75.2158213275805
pc_corpr35_cgr30,2052,8217.25479944672,8236.71655735728,4519.18004482411,4519.32985335833,0,0,109.131563152768,112.293642529861,-78.0326633120035
pc_corpr35_cgr30,2053,8566.94071377731,8587.71058583466,4680.82589497876,4680.98518715134,0,0,112.450092667239,115.949227083367,-80.9528710044457
pc_corpr35_cgr30,2054,8940.77172692259,8962.91992845952,4847.1155696332,4847.28398986766,0,0,116.297010181404,120.031514646246,-83.9989373252497
pc_corpr35_cgr30,2055,9329.58447013992,9353.22501657039,5019.60665539288,5019.78593346482,0,0,120.342929995436,124.489775566183,-87.208570571437
pc_corpr35_cgr30,2056,9730.05579965391,9755.14374188545,5197.20680787415,5197.39577539686,0,0,123.799200837164,125.840121367336,-90.475300139413
pc_corpr35_cgr30,2057,10139.2209810724,10165.8498672431,5382.12435025126,5382.32538921739,0,0,125.523811599391,130.391012276662,-93.8368380048861
