ID,tax_law,economy,behavior,years,dist_years,mtr_vars,mtr_types
baseline,default,default,,2027:2057,,wages1 wages2 part_active sole_prop1 scorp_active kg_lt rent char_cash net_worth estate,nextdollar nextdollar nextdollar nextdollar nextdollar nextdollar nextdollar nextdollar nextdollar nextdollar
t_cg_wealth_deemed,top_tax/dials/t_cg_wealth_deemed,default,top_tax_full_wealth,2027:2057,2027 2036,wages1 wages2 part_active sole_prop1 scorp_active kg_lt rent char_cash net_worth estate,nextdollar nextdollar nextdollar nextdollar nextdollar nextdollar nextdollar nextdollar nextdollar nextdollar
t_cg_wealth_estate,top_tax/dials/t_cg_wealth_estate,default,top_tax_full_wealth,2027:2057,2027 2036,wages1 wages2 part_active sole_prop1 scorp_active kg_lt rent char_cash net_worth estate,nextdollar nextdollar nextdollar nextdollar nextdollar nextdollar nextdollar nextdollar nextdollar nextdollar
t_cg_wealth_qbi,top_tax/dials/t_cg_wealth_qbi,default,top_tax_full_wealth,2027:2057,2027 2036,wages1 wages2 part_active sole_prop1 scorp_active kg_lt rent char_cash net_worth estate,nextdollar nextdollar nextdollar nextdollar nextdollar nextdollar nextdollar nextdollar nextdollar nextdollar
t_cg_wealth_taxmax,top_tax/dials/t_cg_wealth_taxmax,default,top_tax_full_wealth,2027:2057,2027 2036,wages1 wages2 part_active sole_prop1 scorp_active kg_lt rent char_cash net_worth estate,nextdollar nextdollar nextdollar nextdollar nextdollar nextdollar nextdollar nextdollar nextdollar nextdollar
t_cg_deemed_estate,top_tax/dials/t_cg_deemed_estate,default,top_tax_full,2027:2057,2027 2036,wages1 wages2 part_active sole_prop1 scorp_active kg_lt rent char_cash net_worth estate,nextdollar nextdollar nextdollar nextdollar nextdollar nextdollar nextdollar nextdollar nextdollar nextdollar
t_cg_deemed_qbi,top_tax/dials/t_cg_deemed_qbi,default,top_tax_full,2027:2057,2027 2036,wages1 wages2 part_active sole_prop1 scorp_active kg_lt rent char_cash net_worth estate,nextdollar nextdollar nextdollar nextdollar nextdollar nextdollar nextdollar nextdollar nextdollar nextdollar
t_cg_deemed_taxmax,top_tax/dials/t_cg_deemed_taxmax,default,top_tax_full,2027:2057,2027 2036,wages1 wages2 part_active sole_prop1 scorp_active kg_lt rent char_cash net_worth estate,nextdollar nextdollar nextdollar nextdollar nextdollar nextdollar nextdollar nextdollar nextdollar nextdollar
t_cg_estate_qbi,top_tax/dials/t_cg_estate_qbi,default,top_tax_full,2027:2057,2027 2036,wages1 wages2 part_active sole_prop1 scorp_active kg_lt rent char_cash net_worth estate,nextdollar nextdollar nextdollar nextdollar nextdollar nextdollar nextdollar nextdollar nextdollar nextdollar
t_cg_estate_taxmax,top_tax/dials/t_cg_estate_taxmax,default,top_tax_full,2027:2057,2027 2036,wages1 wages2 part_active sole_prop1 scorp_active kg_lt rent char_cash net_worth estate,nextdollar nextdollar nextdollar nextdollar nextdollar nextdollar nextdollar nextdollar nextdollar nextdollar
t_cg_qbi_taxmax,top_tax/dials/t_cg_qbi_taxmax,default,top_tax_full,2027:2057,2027 2036,wages1 wages2 part_active sole_prop1 scorp_active kg_lt rent char_cash net_worth estate,nextdollar nextdollar nextdollar nextdollar nextdollar nextdollar nextdollar nextdollar nextdollar nextdollar
t_corp_wealth_deemed,top_tax/dials/t_corp_wealth_deemed,default,top_tax_full_wealth,2027:2057,2027 2036,wages1 wages2 part_active sole_prop1 scorp_active kg_lt rent char_cash net_worth estate,nextdollar nextdollar nextdollar nextdollar nextdollar nextdollar nextdollar nextdollar nextdollar nextdollar
t_corp_wealth_estate,top_tax/dials/t_corp_wealth_estate,default,top_tax_full_wealth,2027:2057,2027 2036,wages1 wages2 part_active sole_prop1 scorp_active kg_lt rent char_cash net_worth estate,nextdollar nextdollar nextdollar nextdollar nextdollar nextdollar nextdollar nextdollar nextdollar nextdollar
t_corp_wealth_qbi,top_tax/dials/t_corp_wealth_qbi,default,top_tax_full_wealth,2027:2057,2027 2036,wages1 wages2 part_active sole_prop1 scorp_active kg_lt rent char_cash net_worth estate,nextdollar nextdollar nextdollar nextdollar nextdollar nextdollar nextdollar nextdollar nextdollar nextdollar
t_corp_wealth_taxmax,top_tax/dials/t_corp_wealth_taxmax,default,top_tax_full_wealth,2027:2057,2027 2036,wages1 wages2 part_active sole_prop1 scorp_active kg_lt rent char_cash net_worth estate,nextdollar nextdollar nextdollar nextdollar nextdollar nextdollar nextdollar nextdollar nextdollar nextdollar
t_corp_deemed_estate,top_tax/dials/t_corp_deemed_estate,default,top_tax_full,2027:2057,2027 2036,wages1 wages2 part_active sole_prop1 scorp_active kg_lt rent char_cash net_worth estate,nextdollar nextdollar nextdollar nextdollar nextdollar nextdollar nextdollar nextdollar nextdollar nextdollar
t_corp_deemed_qbi,top_tax/dials/t_corp_deemed_qbi,default,top_tax_full,2027:2057,2027 2036,wages1 wages2 part_active sole_prop1 scorp_active kg_lt rent char_cash net_worth estate,nextdollar nextdollar nextdollar nextdollar nextdollar nextdollar nextdollar nextdollar nextdollar nextdollar
t_corp_deemed_taxmax,top_tax/dials/t_corp_deemed_taxmax,default,top_tax_full,2027:2057,2027 2036,wages1 wages2 part_active sole_prop1 scorp_active kg_lt rent char_cash net_worth estate,nextdollar nextdollar nextdollar nextdollar nextdollar nextdollar nextdollar nextdollar nextdollar nextdollar
t_corp_estate_qbi,top_tax/dials/t_corp_estate_qbi,default,top_tax_full,2027:2057,2027 2036,wages1 wages2 part_active sole_prop1 scorp_active kg_lt rent char_cash net_worth estate,nextdollar nextdollar nextdollar nextdollar nextdollar nextdollar nextdollar nextdollar nextdollar nextdollar
t_corp_estate_taxmax,top_tax/dials/t_corp_estate_taxmax,default,top_tax_full,2027:2057,2027 2036,wages1 wages2 part_active sole_prop1 scorp_active kg_lt rent char_cash net_worth estate,nextdollar nextdollar nextdollar nextdollar nextdollar nextdollar nextdollar nextdollar nextdollar nextdollar
t_corp_qbi_taxmax,top_tax/dials/t_corp_qbi_taxmax,default,top_tax_full,2027:2057,2027 2036,wages1 wages2 part_active sole_prop1 scorp_active kg_lt rent char_cash net_worth estate,nextdollar nextdollar nextdollar nextdollar nextdollar nextdollar nextdollar nextdollar nextdollar nextdollar
t_wealth_deemed_estate,top_tax/dials/t_wealth_deemed_estate,default,top_tax_full_wealth,2027:2057,2027 2036,wages1 wages2 part_active sole_prop1 scorp_active kg_lt rent char_cash net_worth estate,nextdollar nextdollar nextdollar nextdollar nextdollar nextdollar nextdollar nextdollar nextdollar nextdollar
t_wealth_deemed_qbi,top_tax/dials/t_wealth_deemed_qbi,default,top_tax_full_wealth,2027:2057,2027 2036,wages1 wages2 part_active sole_prop1 scorp_active kg_lt rent char_cash net_worth estate,nextdollar nextdollar nextdollar nextdollar nextdollar nextdollar nextdollar nextdollar nextdollar nextdollar
t_wealth_deemed_taxmax,top_tax/dials/t_wealth_deemed_taxmax,default,top_tax_full_wealth,2027:2057,2027 2036,wages1 wages2 part_active sole_prop1 scorp_active kg_lt rent char_cash net_worth estate,nextdollar nextdollar nextdollar nextdollar nextdollar nextdollar nextdollar nextdollar nextdollar nextdollar
t_wealth_estate_qbi,top_tax/dials/t_wealth_estate_qbi,default,top_tax_full_wealth,2027:2057,2027 2036,wages1 wages2 part_active sole_prop1 scorp_active kg_lt rent char_cash net_worth estate,nextdollar nextdollar nextdollar nextdollar nextdollar nextdollar nextdollar nextdollar nextdollar nextdollar
t_wealth_estate_taxmax,top_tax/dials/t_wealth_estate_taxmax,default,top_tax_full_wealth,2027:2057,2027 2036,wages1 wages2 part_active sole_prop1 scorp_active kg_lt rent char_cash net_worth estate,nextdollar nextdollar nextdollar nextdollar nextdollar nextdollar nextdollar nextdollar nextdollar nextdollar
t_wealth_qbi_taxmax,top_tax/dials/t_wealth_qbi_taxmax,default,top_tax_full_wealth,2027:2057,2027 2036,wages1 wages2 part_active sole_prop1 scorp_active kg_lt rent char_cash net_worth estate,nextdollar nextdollar nextdollar nextdollar nextdollar nextdollar nextdollar nextdollar nextdollar nextdollar
t_deemed_estate_qbi,top_tax/dials/t_deemed_estate_qbi,default,top_tax_full,2027:2057,2027 2036,wages1 wages2 part_active sole_prop1 scorp_active kg_lt rent char_cash net_worth estate,nextdollar nextdollar nextdollar nextdollar nextdollar nextdollar nextdollar nextdollar nextdollar nextdollar
t_deemed_estate_taxmax,top_tax/dials/t_deemed_estate_taxmax,default,top_tax_full,2027:2057,2027 2036,wages1 wages2 part_active sole_prop1 scorp_active kg_lt rent char_cash net_worth estate,nextdollar nextdollar nextdollar nextdollar nextdollar nextdollar nextdollar nextdollar nextdollar nextdollar
t_deemed_qbi_taxmax,top_tax/dials/t_deemed_qbi_taxmax,default,top_tax_full,2027:2057,2027 2036,wages1 wages2 part_active sole_prop1 scorp_active kg_lt rent char_cash net_worth estate,nextdollar nextdollar nextdollar nextdollar nextdollar nextdollar nextdollar nextdollar nextdollar nextdollar
t_estate_qbi_taxmax,top_tax/dials/t_estate_qbi_taxmax,default,top_tax_full,2027:2057,2027 2036,wages1 wages2 part_active sole_prop1 scorp_active kg_lt rent char_cash net_worth estate,nextdollar nextdollar nextdollar nextdollar nextdollar nextdollar nextdollar nextdollar nextdollar nextdollar
tco_ord_cg_deemed,top_tax/dials/tco_ord_cg_deemed,default,top_tax_full,2027:2057,2027 2036,wages1 wages2 part_active sole_prop1 scorp_active kg_lt rent char_cash net_worth estate,nextdollar nextdollar nextdollar nextdollar nextdollar nextdollar nextdollar nextdollar nextdollar nextdollar
tco_ord_corp_deemed,top_tax/dials/tco_ord_corp_deemed,default,top_tax_full,2027:2057,2027 2036,wages1 wages2 part_active sole_prop1 scorp_active kg_lt rent char_cash net_worth estate,nextdollar nextdollar nextdollar nextdollar nextdollar nextdollar nextdollar nextdollar nextdollar nextdollar
tco_ord_wealth_deemed,top_tax/dials/tco_ord_wealth_deemed,default,top_tax_full_wealth,2027:2057,2027 2036,wages1 wages2 part_active sole_prop1 scorp_active kg_lt rent char_cash net_worth estate,nextdollar nextdollar nextdollar nextdollar nextdollar nextdollar nextdollar nextdollar nextdollar nextdollar
tco_ord_estate_deemed,top_tax/dials/tco_ord_estate_deemed,default,top_tax_full,2027:2057,2027 2036,wages1 wages2 part_active sole_prop1 scorp_active kg_lt rent char_cash net_worth estate,nextdollar nextdollar nextdollar nextdollar nextdollar nextdollar nextdollar nextdollar nextdollar nextdollar
tco_ord_qbi_deemed,top_tax/dials/tco_ord_qbi_deemed,default,top_tax_full,2027:2057,2027 2036,wages1 wages2 part_active sole_prop1 scorp_active kg_lt rent char_cash net_worth estate,nextdollar nextdollar nextdollar nextdollar nextdollar nextdollar nextdollar nextdollar nextdollar nextdollar
tco_ord_taxmax_deemed,top_tax/dials/tco_ord_taxmax_deemed,default,top_tax_full,2027:2057,2027 2036,wages1 wages2 part_active sole_prop1 scorp_active kg_lt rent char_cash net_worth estate,nextdollar nextdollar nextdollar nextdollar nextdollar nextdollar nextdollar nextdollar nextdollar nextdollar
tco_cg_corp_deemed,top_tax/dials/tco_cg_corp_deemed,default,top_tax_full,2027:2057,2027 2036,wages1 wages2 part_active sole_prop1 scorp_active kg_lt rent char_cash net_worth estate,nextdollar nextdollar nextdollar nextdollar nextdollar nextdollar nextdollar nextdollar nextdollar nextdollar
tco_cg_wealth_deemed,top_tax/dials/tco_cg_wealth_deemed,default,top_tax_full_wealth,2027:2057,2027 2036,wages1 wages2 part_active sole_prop1 scorp_active kg_lt rent char_cash net_worth estate,nextdollar nextdollar nextdollar nextdollar nextdollar nextdollar nextdollar nextdollar nextdollar nextdollar
tco_cg_estate_deemed,top_tax/dials/tco_cg_estate_deemed,default,top_tax_full,2027:2057,2027 2036,wages1 wages2 part_active sole_prop1 scorp_active kg_lt rent char_cash net_worth estate,nextdollar nextdollar nextdollar nextdollar nextdollar nextdollar nextdollar nextdollar nextdollar nextdollar
tco_cg_qbi_deemed,top_tax/dials/tco_cg_qbi_deemed,default,top_tax_full,2027:2057,2027 2036,wages1 wages2 part_active sole_prop1 scorp_active kg_lt rent char_cash net_worth estate,nextdollar nextdollar nextdollar nextdollar nextdollar nextdollar nextdollar nextdollar nextdollar nextdollar
tco_cg_taxmax_deemed,top_tax/dials/tco_cg_taxmax_deemed,default,top_tax_full,2027:2057,2027 2036,wages1 wages2 part_active sole_prop1 scorp_active kg_lt rent char_cash net_worth estate,nextdollar nextdollar nextdollar nextdollar nextdollar nextdollar nextdollar nextdollar nextdollar nextdollar
tco_corp_wealth_deemed,top_tax/dials/tco_corp_wealth_deemed,default,top_tax_full_wealth,2027:2057,2027 2036,wages1 wages2 part_active sole_prop1 scorp_active kg_lt rent char_cash net_worth estate,nextdollar nextdollar nextdollar nextdollar nextdollar nextdollar nextdollar nextdollar nextdollar nextdollar
tco_corp_estate_deemed,top_tax/dials/tco_corp_estate_deemed,default,top_tax_full,2027:2057,2027 2036,wages1 wages2 part_active sole_prop1 scorp_active kg_lt rent char_cash net_worth estate,nextdollar nextdollar nextdollar nextdollar nextdollar nextdollar nextdollar nextdollar nextdollar nextdollar
